product,price,category,variant,web
優活抽取式衛生紙 100抽,415.0,日用生活/衛生紙/抽取式．平板．滾筒/抽取,100PC抽 x 1 x 24PacK包,https://online.carrefour.com.tw//zh/%E5%84%AA%E6%B4%BB/1220110400124.html
肌研皮脂對策洗顏乳,199.0,美妝個清/個人清潔/卸妝洗顏/洗面乳．卸妝乳,100g克 x 1 x 1BOTTLE瓶,https://online.carrefour.com.tw//zh/%E8%82%8C%E7%A0%94/1202032400101.html
工作日誌Wednesday濾掛(小週末咖啡)8g X8,148.0,米油沖泡/咖啡．茶包/咖啡/咖啡,8g克 x 8 x 1BOX盒,https://online.carrefour.com.tw//zh/%E5%B7%A5%E4%BD%9C%E6%97%A5%E8%AA%8C/1431513700101.html
維大力加鹽沙士Can330 ml,96.0,飲料零食/水．汽水/汽水/沙士,330ml毫升 x 1 x 6Bottle瓶,https://online.carrefour.com.tw//zh/%E7%B6%AD%E5%A4%A7%E5%8A%9B/1000201900106.html
唯潔雅抽取式衛生紙100PCx24,415.0,日用生活/衛生紙/抽取式．平板．滾筒/抽取,100PC抽 x 1 x 24Box箱,https://online.carrefour.com.tw//zh/%E5%94%AF%E6%BD%94%E9%9B%85/1220107700124.html
福樂蘋果牛乳 275ml※因配送關係實際到貨效期約6-8天,30.0,生鮮冷凍/奶蛋點心食品/鮮乳．調味乳,275ml毫升 x 1 x 1Bottle瓶,https://online.carrefour.com.tw//zh/%E7%A6%8F%E6%A8%82/1501200500101.html
綜合享樂包291.4g,159.0,飲料零食/精選餅乾/甜餅乾/其他口味威化,291.4g克 x 1 x 1Bag袋,https://online.carrefour.com.tw//zh/77/1413121500101.html
惜惜康普茶醇厚果香 420ml,140.0,飲料零食/茶飲．咖啡/紅茶．花茶．水果茶/紅茶,420ml毫升 x 1 x 4Bottle瓶,https://online.carrefour.com.tw//zh/%E6%83%9C%E6%83%9C/1003191900104.html
維大力蘋果風味氣水330ml,96.0,飲料零食/水．汽水/汽水/沙士,330ml毫升 x 1 x 6Can罐,https://online.carrefour.com.tw//zh/%E7%B6%AD%E5%A4%A7%E5%8A%9B/1000294400106.html
萬歲牌米果綜合果辣味,198.0,飲料零食/精選餅乾/鹹餅乾/米果,200g克 x 1 x 1Bag包,https://online.carrefour.com.tw//zh/%E8%90%AC%E6%AD%B2%E7%89%8C/1400019700101.html
萬歲牌米果綜合果鹽味,198.0,飲料零食/精選餅乾/鹹餅乾/米果,200g克 x 1 x 1Bag包,https://online.carrefour.com.tw//zh/%E8%90%AC%E6%AD%B2%E7%89%8C/1400019600101.html
無塵氏 酒精抗菌擦拭巾80抽,89.0,日用生活/家庭清潔 殺蟲/清潔工具/打掃除塵工具/靜電紙,1PC包 x 1 x 1PC包,https://online.carrefour.com.tw//zh/%E7%84%A1%E5%A1%B5%E6%B0%8F/3156705200101.html
台式烤海苔(醬燒口味)36g,99.0,飲料零食/休閒零食/豆乾．肉乾．海苔/海苔．海苔脆片,36g克 x 1 x 1PACK包,https://online.carrefour.com.tw//zh/%E4%B8%8A%E8%B1%90/1420414300101.html
盛香珍純黑巧克酥,78.0,飲料零食/精選餅乾/甜餅乾/夾心餅乾,125g克 x 1 x 1Bag包,https://online.carrefour.com.tw//zh/%E7%9B%9B%E9%A6%99%E7%8F%8D/1412000100101.html
維大力白葡萄風味氣水330ml,96.0,飲料零食/水．汽水/汽水/沙士,330ml毫升 x 1 x 6Can罐,https://online.carrefour.com.tw//zh/%E7%B6%AD%E5%A4%A7%E5%8A%9B/1000294300106.html
Custard Cake-蛋黃派(卡士達口味蛋糕),99.0,飲料零食/烘培糕餅/西點．蛋糕,114g克 x 1 x 1Bag包,https://online.carrefour.com.tw//zh/custard-cake/1411010600101.html
萬歲牌麻辣小魚花生綜合果-156g,198.0,飲料零食/休閒零食/堅果類/混合,156g克 x 1 x 1BOX盒,https://online.carrefour.com.tw//zh/%E8%90%AC%E6%AD%B2%E7%89%8C/1424401600101.html
惜惜康普茶清爽茶香 420ml,140.0,飲料零食/茶飲．咖啡/紅茶．花茶．水果茶/紅茶,420ml毫升 x 1 x 4Bottle瓶,https://online.carrefour.com.tw//zh/%E6%83%9C%E6%83%9C/1003191800104.html
盛香珍法式鹽之花奶油蝴蝶酥,78.0,飲料零食/烘培糕餅/西點．蛋糕,85g克 x 1 x 1Bag包,https://online.carrefour.com.tw//zh/%E7%9B%9B%E9%A6%99%E7%8F%8D/1411019400101.html
東和好媽媽無添加蕃茄汁鯖魚(紅易),178.0,米油沖泡/調味．罐頭湯品．南北貨/罐頭/其它魚類,230g克 x 1 x 3Can罐,https://online.carrefour.com.tw//zh/%E6%9D%B1%E5%92%8C%E5%A5%BD%E5%AA%BD%E5%AA%BD/1483205200103.html
OP生物分解抗菌防蟲濾水網170入,188.0,日用生活/餐廚用品/廚房整理/水槽濾渣袋,1PC個 x 1 x 1PC個,https://online.carrefour.com.tw//zh/op/3147301300101.html
熊寶貝多效護衣芳香豆鼠尾草X海鹽補充包300,198.0,日用生活/家庭清潔 殺蟲/柔軟冷洗精．漂白劑,300ml毫升 x 1 x 1Bag包,https://online.carrefour.com.tw//zh/%E7%86%8A%E5%AF%B6%E8%B2%9D/1111010900101.html
[限量]橘平屋36束海苔經濟包28.8g,180.0,飲料零食/休閒零食/豆乾．肉乾．海苔/海苔．海苔脆片,28.8g克 x 1 x 1Bag袋,https://online.carrefour.com.tw//zh/%E6%A9%98%E5%B9%B3%E5%B1%8B/1420404100101.html
福樂麥芽牛乳275ml到貨效期約6-8天,30.0,生鮮冷凍/奶蛋點心食品/鮮乳．調味乳,275ml毫升 x 1 x 1BOTTLE瓶,https://online.carrefour.com.tw//zh/%E7%A6%8F%E6%A8%82/1501394800101.html
楓康弧型海棉菜瓜布,63.0,日用生活/家庭清潔 殺蟲/清潔工具/衛浴清潔工具,1PC個 x 1 x 1PC個,https://online.carrefour.com.tw//zh/%E6%A5%93%E5%BA%B7/3153323300101.html
惜惜康普茶台灣香檬氣泡 420ml,140.0,飲料零食/茶飲．咖啡/紅茶．花茶．水果茶/紅茶,420ml毫升 x 1 x 4Bottle瓶,https://online.carrefour.com.tw//zh/%E6%83%9C%E6%83%9C/1003406300104.html
萬歲牌蒜香花生綜合果-156g,198.0,飲料零食/休閒零食/堅果類/混合,156g克 x 1 x 1Bag包,https://online.carrefour.com.tw//zh/%E8%90%AC%E6%AD%B2%E7%89%8C/1424405200101.html
[限量]Custard Cake-北海道牛奶口味派(蛋糕),99.0,飲料零食/烘培糕餅/西點．蛋糕,114g克 x 1 x 1BOX盒,https://online.carrefour.com.tw//zh/1411003300101.html
盛香珍-宜蘭三星蔥風味煎餅,78.0,飲料零食/烘培糕餅/西點．蛋糕,105g克 x 1 x 1Bag包,https://online.carrefour.com.tw//zh/%E7%9B%9B%E9%A6%99%E7%8F%8D/1411024600101.html
東和好媽媽無添加特製豆豉紅燒鰻,178.0,米油沖泡/調味．罐頭湯品．南北貨/罐頭/其它魚類,90g克 x 1 x 3Can罐,https://online.carrefour.com.tw//zh/%E6%9D%B1%E5%92%8C%E5%A5%BD%E5%AA%BD%E5%AA%BD/1483205600103.html
東和好媽媽無添加特製燒鰻,178.0,米油沖泡/調味．罐頭湯品．南北貨/罐頭/其它魚類,90g克 x 1 x 3Can罐,https://online.carrefour.com.tw//zh/%E6%9D%B1%E5%92%8C%E5%A5%BD%E5%AA%BD%E5%AA%BD/1483205700103.html
台式烤海苔(胡椒口味)36g,99.0,飲料零食/休閒零食/豆乾．肉乾．海苔/海苔．海苔脆片,36g克 x 1 x 1PACK包,https://online.carrefour.com.tw//zh/%E4%B8%8A%E8%B1%90/1420402300101.html
【垃圾袋】可家芬抗蟑驅蠅清潔袋(中)-53* 63cm(20L),89.0,日用生活/家庭清潔 殺蟲/清潔工具/垃圾袋．垃圾桶,1Pack包 x 1 x 1Pack包,https://online.carrefour.com.tw//zh/3150101000101.html
Gery厚醬起司蘇打餅,50.0,飲料零食/精選餅乾/甜餅乾/其它口味夾心,100g克 x 1 x 1Bag包,https://online.carrefour.com.tw//zh/gery/1412118300101.html
【調味乳】福樂巧克力牛乳 275ml到貨效期約6-8天,30.0,生鮮冷凍/奶蛋點心食品/鮮乳．調味乳,275ml毫升 x 1 x 1Bottle瓶,https://online.carrefour.com.tw//zh/%E7%A6%8F%E6%A8%82/1501302400101.html
妙管家有酵洗衣精補充包-抗菌2000g,98.0,日用生活/家庭清潔 殺蟲/洗衣精 洗衣球,2000g克 x 1 x 1Pack包,https://online.carrefour.com.tw//zh/%E5%8F%B0%E7%81%A3%E5%A6%99%E7%AE%A1%E5%AE%B6/1110302200101.html
盛香珍榛果巧克力風味厚捲燒,78.0,飲料零食/精選餅乾/甜餅乾/捲心餅,100g克 x 1 x 1Bag包,https://online.carrefour.com.tw//zh/%E7%9B%9B%E9%A6%99%E7%8F%8D/1413225600101.html
森田藥粧茶樹淨痘調理洗顏乳120g,148.0,美妝個清/個人清潔/卸妝洗顏/洗面乳．卸妝乳,120g克 x 1 x 1PC支,https://online.carrefour.com.tw//zh/%E6%A3%AE%E7%94%B0%E8%97%A5%E7%B2%A7/1202006400101.html
台式烤海苔(麻辣口味)36g,99.0,飲料零食/休閒零食/豆乾．肉乾．海苔/海苔．海苔脆片,36g克 x 1 x 1PACK包,https://online.carrefour.com.tw//zh/%E4%B8%8A%E8%B1%90/1420417500101.html
楓康食品用PE保鮮膜60M,79.0,日用生活/餐廚用品/保鮮容器/保鮮膜,1PC個 x 1 x 1PC個,https://online.carrefour.com.tw//zh/%E6%A5%93%E5%BA%B7/3142391100101.html
盛香珍-台南愛文芒果薄燒,78.0,飲料零食/精選餅乾/甜餅乾/其它口味夾心,100g克 x 1 x 1Bag包,https://online.carrefour.com.tw//zh/%E7%9B%9B%E9%A6%99%E7%8F%8D/1412110200101.html
工作日誌Tuesday濾掛(午后加油咖啡) 8g X8,148.0,米油沖泡/咖啡．茶包/咖啡/咖啡,8g克 x 8 x 1BOX盒,https://online.carrefour.com.tw//zh/%E5%B7%A5%E4%BD%9C%E6%97%A5%E8%AA%8C/1431514200101.html
無塵氏茶樹抗菌擦拭拖地兩用布,59.0,日用生活/家庭清潔 殺蟲/清潔工具/打掃除塵工具/靜電紙,1PC包 x 1 x 1PC包,https://online.carrefour.com.tw//zh/%E7%84%A1%E5%A1%B5%E6%B0%8F/3156703100101.html
味味A辣排骨雞風味乾麵123g,95.0,米油沖泡/泡麵．麵條/泡麵/雞肉口味,123g克 x 1 x 4Bag包,https://online.carrefour.com.tw//zh/%E5%91%B3%E4%B8%B9/1450006700104.html
OP無雙酚A鋁箔800cm,138.0,日用生活/餐廚用品/保鮮容器/保鮮膜,1PC個 x 1 x 1PC個,https://online.carrefour.com.tw//zh/3142002400101.html
中興米外銷日本的米2.5kg,265.0,米油沖泡/米．食用油/米/米,2.5Kg公斤 x 1 x 1Bag袋,https://online.carrefour.com.tw//zh/%E4%B8%AD%E8%88%88%E7%B1%B3/1451001300101.html
靠得住暖心香氛梔子花日薄 23cm(11片）,169.0,美妝個清/女性衛生/衛生棉/日用標準,11PC片 x 1 x 2PC包,https://online.carrefour.com.tw//zh/%E9%9D%A0%E5%BE%97%E4%BD%8F/1212106500102.html
百家珍桑椹醋600ml,219.0,飲料零食/果汁．養生/濃縮飲料/水果醋/濃縮醋,600ml毫升 x 1 x 1Bottle瓶,https://online.carrefour.com.tw//zh/%E7%99%BE%E5%AE%B6%E7%8F%8D/1005203300101.html
靠得住暖心香氛梔子花夜薄 28cm(10片）,169.0,美妝個清/女性衛生/衛生棉/夜用,10PC片 x 1 x 2PC包,https://online.carrefour.com.tw//zh/%E9%9D%A0%E5%BE%97%E4%BD%8F/1212312900102.html
熊寶貝護衣芳香豆玫瑰X茉莉補充包300ML,198.0,日用生活/家庭清潔 殺蟲/柔軟冷洗精．漂白劑,300ml毫升 x 1 x 1PC包,https://online.carrefour.com.tw//zh/snuggle%E7%86%8A%E5%AF%B6%E8%B2%9D/1111007600101.html
雋品HiBs 三切岩燒海苔-原味 30g,116.0,飲料零食/休閒零食/豆乾．肉乾．海苔/海苔．海苔脆片,30g克 x 1 x 1Bag包,https://online.carrefour.com.tw//zh/%E9%9B%8B%E5%93%81hibs/1420406700101.html
Gery厚醬巧克力蘇打餅,50.0,飲料零食/精選餅乾/甜餅乾/夾心餅乾,100g克 x 1 x 1Bag包,https://online.carrefour.com.tw//zh/gery/1412005900101.html
台鹽護牙齦抗敏感牙膏,135.0,美妝個清/個人清潔/口腔清潔用品/功能性牙膏,140g克 x 1 x 1PC盒,https://online.carrefour.com.tw//zh/%E5%8F%B0%E9%B9%BD/1210209500101.html
萬歲牌米果綜合果梅味_200g,198.0,飲料零食/精選餅乾/鹹餅乾/米果,200g克 x 1 x 1Bag包,https://online.carrefour.com.tw//zh/%E8%90%AC%E6%AD%B2%E7%89%8C/1400034400101.html
蘇菲極淨肌有機棉超薄潔翼23cm 16片,145.0,美妝個清/女性衛生/衛生棉/日用標準,16PC片 x 1 x 1PC包,https://online.carrefour.com.tw//zh/%E8%98%87%E8%8F%B2/1212101200101.html
雋品HiBs 三切岩燒海苔-戀之梅口味 30g,116.0,飲料零食/休閒零食/豆乾．肉乾．海苔/海苔．海苔脆片,30g克 x 1 x 1Bag包,https://online.carrefour.com.tw//zh/%E9%9B%8B%E5%93%81/1420412500101.html
雋品HiBs 三切岩燒海苔-香檸口味 30g,116.0,飲料零食/休閒零食/豆乾．肉乾．海苔/海苔．海苔脆片,30g克 x 1 x 1Bag包,https://online.carrefour.com.tw//zh/%E9%9B%8B%E5%93%81/1420401500101.html
福樂木瓜牛乳275ml※本商品保存期限為13天，因配送關係到府後使用期限5天,30.0,生鮮冷凍/奶蛋點心食品/鮮乳．調味乳,275ml毫升 x 1 x 1Bottle瓶,https://online.carrefour.com.tw//zh/1501293000101.html
維大力零熱量汽水 330ml,96.0,飲料零食/水．汽水/汽水/沙士,330ml毫升 x 1 x 6Can罐,https://online.carrefour.com.tw//zh/%E7%B6%AD%E5%A4%A7%E5%8A%9B/1000210200106.html
李施德霖櫻花蜜桃漱口水500ml,248.0,美妝個清/個人清潔/口腔清潔用品/漱口水,500ml毫升 x 1 x 1PC瓶,https://online.carrefour.com.tw//zh/%E6%9D%8E%E6%96%BD%E5%BE%B7%E9%9C%96/1210508900101.html
無塵氏薰衣草擦拭拖地兩用布,59.0,日用生活/家庭清潔 殺蟲/清潔工具/打掃除塵工具/靜電紙,1PC包 x 1 x 1PC包,https://online.carrefour.com.tw//zh/%E7%84%A1%E5%A1%B5%E6%B0%8F/3156702500101.html
Gery厚醬椰香蘇打餅,50.0,飲料零食/精選餅乾/甜餅乾/其它口味夾心,105g克 x 1 x 1Bag包,https://online.carrefour.com.tw//zh/gery/1412104400101.html
元本山海苔堅果夾心-杏仁香鬆,109.0,飲料零食/休閒零食/豆乾．肉乾．海苔/海苔．海苔脆片,48g克 x 1 x 1PACK包,https://online.carrefour.com.tw//zh/%E5%85%83%E6%9C%AC%E5%B1%B1/1420410600101.html
輕時代絕對乾燥集水替換包檸檬清香570g,96.0,日用生活/家庭清潔 殺蟲/除濕．香氛,570g克 x 1 x 1PC包,https://online.carrefour.com.tw//zh/%E8%BC%95%E6%99%82%E4%BB%A3/1103203300101.html
OG巧克力覆蓋餅,89.0,飲料零食/精選餅乾/甜餅乾/巧克力口味,102g克 x 1 x 1BOX盒,https://online.carrefour.com.tw//zh/1410236000101.html
Gery厚醬椰子巧克力蘇打餅,50.0,飲料零食/精選餅乾/甜餅乾/夾心餅乾,105g克 x 1 x 1Bag包,https://online.carrefour.com.tw//zh/gery/1412001000101.html
盛香珍杏仁奶油曲奇,78.0,飲料零食/精選餅乾/甜餅乾/其它口味,85g克 x 1 x 1Bag包,https://online.carrefour.com.tw//zh/%E7%9B%9B%E9%A6%99%E7%8F%8D/1410427200101.html
茶樹莊園超濃縮洗碗精補充包-茶樹檸檬,118.0,日用生活/家庭清潔 殺蟲/洗碗精,700g克 x 1 x 1Bag袋,https://online.carrefour.com.tw//zh/%E8%8A%B1%E4%BB%99%E5%AD%90/1105006500201.html
妙管家有酵洗衣精補充包-中性2000g,98.0,日用生活/家庭清潔 殺蟲/洗衣精 洗衣球,2000g克 x 1 x 1Pack包,https://online.carrefour.com.tw//zh/%E5%8F%B0%E7%81%A3%E5%A6%99%E7%AE%A1%E5%AE%B6/1110309000101.html
可家芬抗蟑驅蠅清潔袋(小),89.0,日用生活/家庭清潔 殺蟲/清潔工具/垃圾袋．垃圾桶,1Pack包 x 1 x 1Pack包,https://online.carrefour.com.tw//zh/3150000600101.html
萬歲牌薄鹽堅果綜合果,198.0,飲料零食/休閒零食/堅果類/混合,156g克 x 1 x 1Pack包,https://online.carrefour.com.tw//zh/%E8%90%AC%E6%AD%B2%E7%89%8C/1424402300101.html
靠得住草本瞬吸護墊17.5cm-24PC,129.0,美妝個清/女性衛生/衛生棉/護墊,24PC片 x 1 x 2PC包,https://online.carrefour.com.tw//zh/%E9%9D%A0%E5%BE%97%E4%BD%8F/1212008200102.html
雋品HiBs-三切岩燒海苔-卵黃口味,116.0,飲料零食/休閒零食/豆乾．肉乾．海苔/海苔．海苔脆片,30g克 x 1 x 1Bag包,https://online.carrefour.com.tw//zh/%E9%9B%8B%E5%93%81/1420418800101.html
舒潔家用紙巾 -貼心巧撕 FSC-108PC張 x 6 x 1Pack包,189.0,日用生活/衛生紙/廚房紙巾/廚房紙巾,108PC張 x 6 x 1Pack包,https://online.carrefour.com.tw//zh/%E8%88%92%E6%BD%94/1222001200101.html
妙管家有酵洗衣精補充包-亮彩,98.0,日用生活/家庭清潔 殺蟲/洗衣精 洗衣球,2000g克 x 1 x 1Pack包,https://online.carrefour.com.tw//zh/%E5%8F%B0%E7%81%A3%E5%A6%99%E7%AE%A1%E5%AE%B6/1110305000101.html
可家芬抗蟑驅蠅清潔袋(大),89.0,日用生活/家庭清潔 殺蟲/清潔工具/垃圾袋．垃圾桶,1Pack包 x 1 x 1Pack包,https://online.carrefour.com.tw//zh/%E5%8F%AF%E5%AE%B6%E8%8A%AC/3150200600101.html
百家珍蜂蜜醋600ml,219.0,飲料零食/果汁．養生/濃縮飲料/水果醋/濃縮醋,600ml毫升 x 1 x 1Bottle瓶,https://online.carrefour.com.tw//zh/%E7%99%BE%E5%AE%B6%E7%8F%8D/1005202100101.html
萬歲活力纖果綜合果-156g,198.0,飲料零食/休閒零食/堅果類/混合,156g克 x 1 x 1BOX盒,https://online.carrefour.com.tw//zh/%E8%90%AC%E6%AD%B2%E7%89%8C/1424402100101.html
惜惜康普茶青梅氣泡 420ml,140.0,飲料零食/茶飲．咖啡/紅茶．花茶．水果茶/紅茶,420ml毫升 x 1 x 4Bottle瓶,https://online.carrefour.com.tw//zh/%E6%83%9C%E6%83%9C/1003407100104.html
熊寶貝護衣芳香豆藍風鈴X白麝補充包300ML,198.0,日用生活/家庭清潔 殺蟲/柔軟冷洗精．漂白劑,300ml毫升 x 1 x 1PC包,https://online.carrefour.com.tw//zh/snuggle%E7%86%8A%E5%AF%B6%E8%B2%9D/1111007200101.html
麥斯威爾特濃咖啡3合1經濟包13gx25,185.0,米油沖泡/咖啡．茶包/咖啡/咖啡隨身包,13g克 x 25 x 1Bag袋,https://online.carrefour.com.tw//zh/%E9%BA%A5%E6%96%AF%E5%A8%81%E7%88%BE/1431105000101.html
清淨海環保地板清潔劑,190.0,日用生活/家庭清潔 殺蟲/家用清潔/地板．玻璃,2000ml毫升 x 1 x 1Bottle瓶,https://online.carrefour.com.tw//zh/%E6%B8%85%E6%B7%A8%E6%B5%B7/1101000700101.html
盛香珍黃金巧克力巧克酥,78.0,飲料零食/精選餅乾/甜餅乾/夾心餅乾,130g克 x 1 x 1Bag包,https://online.carrefour.com.tw//zh/%E7%9B%9B%E9%A6%99%E7%8F%8D/1412005600101.html
森田藥粧蘆薈晶透洗面乳120g,148.0,美妝個清/個人清潔/卸妝洗顏/洗面乳．卸妝乳,120g克 x 1 x 1PC條,https://online.carrefour.com.tw//zh/%E6%A3%AE%E7%94%B0%E8%97%A5%E7%B2%A7/1202034200101.html
工作日誌Friday濾掛(分享快樂咖啡)8g X8,148.0,米油沖泡/咖啡．茶包/咖啡/咖啡,8g克 x 8 x 1BOX盒,https://online.carrefour.com.tw//zh/%E5%B7%A5%E4%BD%9C%E6%97%A5%E8%AA%8C/1431513800101.html
工作日誌Thursday濾掛(星光分享咖啡)8g X8,148.0,米油沖泡/咖啡．茶包/咖啡/咖啡,8g克 x 8 x 1BOX盒,https://online.carrefour.com.tw//zh/%E5%B7%A5%E4%BD%9C%E6%97%A5%E8%AA%8C/1431514000101.html
"舒潔迪士尼袖珍包面紙FSC-10PCx30包(圖案隨機)*限量包裝,恕不指定(以實際出貨為主)",98.0,日用生活/衛生紙/面紙．濕紙巾/紙手帕．袖珍面紙,10PC抽 x 30 x 1Set組,https://online.carrefour.com.tw//zh/%E8%88%92%E6%BD%94/1221101600101.html
高露潔抗敏感  強護琺瑯質牙膏,168.0,美妝個清/個人清潔/口腔清潔用品/功能性牙膏,120g克 x 1 x 1PC支,https://online.carrefour.com.tw//zh/%E9%AB%98%E9%9C%B2%E6%BD%94colgate/1210202000101.html
無塵氏十字壓紋除塵紙4入組,159.0,日用生活/家庭清潔 殺蟲/清潔工具/打掃除塵工具/靜電紙,1Set組 x 1 x 1SET組,https://online.carrefour.com.tw//zh/%E7%84%A1%E5%A1%B5%E6%B0%8F/3156705300101.html
桂格美味三合一麥片 經典麥香,138.0,米油沖泡/沖泡飲品．食品/沖泡飲品/三合一麥片,330g克 x 1 x 1Bag包,https://online.carrefour.com.tw//zh/%E6%A1%82%E6%A0%BC/1436292400101.html
茶樹莊園天然濃縮消臭洗衣精補充包800g,118.0,日用生活/家庭清潔 殺蟲/洗衣精 洗衣球,800g克 x 1 x 1BOX箱,https://online.carrefour.com.tw//zh/%E8%8A%B1%E4%BB%99%E5%AD%90/1110301300101.html
靠得住晚安好眠褲L 2片,99.0,美妝個清/女性衛生/衛生棉/夜用,2PC片 x 1 x 1PC包,https://online.carrefour.com.tw//zh/%E9%9D%A0%E5%BE%97%E4%BD%8F/1212316600101.html
蒲公英環保抽取衛生紙100PCx12,230.0,日用生活/衛生紙/抽取式．平板．滾筒/抽取,100PC抽 x 1 x 12PC包,https://online.carrefour.com.tw//zh/%E8%92%B2%E5%85%AC%E8%8B%B1/1220106500112.html
靠得住暖心香氛梔子花護墊14.5cm-25PC,99.0,美妝個清/女性衛生/衛生棉/護墊,25PC片 x 1 x 2PC包,https://online.carrefour.com.tw//zh/%E9%9D%A0%E5%BE%97%E4%BD%8F/1212002500102.html
李施德霖柚戀百香漱口水500ml,248.0,美妝個清/個人清潔/口腔清潔用品/漱口水,500ml毫升 x 1 x 1PC瓶,https://online.carrefour.com.tw//zh/%E6%9D%8E%E6%96%BD%E5%BE%B7%E9%9C%96/1210506900101.html
歐特滿分優果有機全果蔓越莓乾 100g,200.0,飲料零食/休閒零食/果乾蜜餞/水果果肉,100g克 x 1 x 1PACK包,https://online.carrefour.com.tw//zh/%E6%AD%90%E7%89%B9/1421028100101.html
森田藥炭深層潔淨洗顏乳120g,148.0,美妝個清/個人清潔/卸妝洗顏/洗面乳．卸妝乳,120g克 x 1 x 1PC支,https://online.carrefour.com.tw//zh/%E6%A3%AE%E7%94%B0%E8%97%A5%E7%B2%A7/1202004800101.html
葡萄王康普茶雙纖飲530ml,136.0,飲料零食/茶飲．咖啡/紅茶．花茶．水果茶/紅茶,530ml毫升 x 1 x 4Bottle瓶,https://online.carrefour.com.tw//zh/%E8%91%A1%E8%90%84%E7%8E%8B/1003191500104.html
OP生物分解抗菌立體密封袋 L(17入),98.0,日用生活/餐廚用品/保鮮容器/保鮮膜,1PC個 x 1 x 1PC個,https://online.carrefour.com.tw//zh/op/3142104100101.html
元本山海苔堅果夾心-花生核桃,109.0,飲料零食/休閒零食/豆乾．肉乾．海苔/海苔．海苔脆片,48g克 x 1 x 1PACK包,https://online.carrefour.com.tw//zh/%E5%85%83%E6%9C%AC%E5%B1%B1/1420400400101.html
"舒潔紙手帕限定版 FSC(圖案隨機)*限量包裝,恕不指定(以實際出貨為主)",98.0,日用生活/衛生紙/面紙．濕紙巾/紙手帕．袖珍面紙,10PC抽 x 15 x 1Set組,https://online.carrefour.com.tw//zh/%E8%88%92%E6%BD%94/1221101300101.html
得意的一天國民優質調合油2L,378.0,米油沖泡/米．食用油/食用油/其他油類,2L公升 x 1 x 1Bottle瓶,https://online.carrefour.com.tw//zh/%E5%BE%97%E6%84%8F%E7%9A%84%E4%B8%80%E5%A4%A9/1461501700101.html
UCC職人柔和果香濾掛式咖啡 8g X12,176.0,米油沖泡/咖啡．茶包/咖啡/咖啡,8g克 x 12 x 1BOX盒,https://online.carrefour.com.tw//zh/ucc/1431513400101.html
橘平屋韓式半切海苔-黑白胡椒風味,129.0,飲料零食/休閒零食/豆乾．肉乾．海苔/海苔．海苔脆片,36g克 x 1 x 1PACK包,https://online.carrefour.com.tw//zh/%E6%A9%98%E5%B9%B3%E5%B1%8B/1420410100101.html
舒潔女性專用濕式衛生紙14PCx2,98.0,日用生活/衛生紙/抽取式．平板．滾筒/抽取,14PC抽 x 2 x 1PC包,https://online.carrefour.com.tw//zh/%E8%88%92%E6%BD%94/1220100800101.html
楓康不鏽鋼專用菜瓜布,63.0,日用生活/家庭清潔 殺蟲/清潔工具/衛浴清潔工具,1PC個 x 1 x 1PC個,https://online.carrefour.com.tw//zh/%E6%A5%93%E5%BA%B7/3153389300101.html
熊寶貝多效護衣芳香豆青檸X甜橙補充包300ML,198.0,日用生活/家庭清潔 殺蟲/柔軟冷洗精．漂白劑,300ml毫升 x 1 x 1Bag包,https://online.carrefour.com.tw//zh/%E7%86%8A%E5%AF%B6%E8%B2%9D/1111011000101.html
"舒潔 濕式面紙(圖案隨機) 15抽*限量包裝,恕不指定(以實際出貨為主)",98.0,日用生活/衛生紙/面紙．濕紙巾/紙手帕．袖珍面紙,15PC抽 x 1 x 3Pack包,https://online.carrefour.com.tw//zh/%E8%88%92%E6%BD%94/1221102300103.html
高露潔抗敏感牙膏-潔淨亮白,168.0,美妝個清/個人清潔/口腔清潔用品/功能性牙膏,120g克 x 1 x 1PC支,https://online.carrefour.com.tw//zh/%E9%AB%98%E9%9C%B2%E6%BD%94colgate/1210202200101.html
桂格美味三合一麥片 麥香減糖,138.0,米油沖泡/沖泡飲品．食品/沖泡飲品/三合一麥片,325g克 x 1 x 1Bag包,https://online.carrefour.com.tw//zh/%E6%A1%82%E6%A0%BC/1436292500101.html
有機囍瑞-澳洲有機全脂牛奶1000ml,160.0,生鮮冷凍/奶蛋點心食品/保久乳,1000ml毫升 x 1 x 1Bottle瓶,https://online.carrefour.com.tw//zh/1502001200101.html
雋品HiBs三切岩燒海苔-無調味,116.0,飲料零食/休閒零食/豆乾．肉乾．海苔/海苔．海苔脆片,30g克 x 1 x 1Bag包,https://online.carrefour.com.tw//zh/%E9%9B%8B%E5%93%81/1420418600101.html
東和好媽媽辣妹鮪魚130g,198.0,米油沖泡/調味．罐頭湯品．南北貨/罐頭/鮪魚,130g克 x 1 x 3Can罐,https://online.carrefour.com.tw//zh/%E6%9D%B1%E5%92%8C%E5%A5%BD%E5%AA%BD%E5%AA%BD/1483010800103.html
舒潔威象大尺寸家用紙巾 FSC,189.0,日用生活/衛生紙/廚房紙巾/廚房紙巾,60PC張 x 6 x 1Set組,https://online.carrefour.com.tw//zh/%E8%88%92%E6%BD%94/1222000500101.html
森田藥粧茶樹淨化洗面乳120g,148.0,美妝個清/個人清潔/卸妝洗顏/洗面乳．卸妝乳,120g克 x 1 x 1PC條,https://online.carrefour.com.tw//zh/%E6%A3%AE%E7%94%B0%E8%97%A5%E7%B2%A7/1202034100101.html
OG黑巧克力覆蓋餅,89.0,飲料零食/精選餅乾/甜餅乾/巧克力口味,102g克 x 1 x 1BOX盒,https://online.carrefour.com.tw//zh/1410236200101.html
家樂福精選特黑巧克力80%,89.0,飲料零食/糖果．巧克力．口香糖/巧克力/純巧克力,80g克 x 1 x 1Pack包,https://online.carrefour.com.tw//zh/%E5%AE%B6%E6%A8%82%E7%A6%8F/1423306100101.html
OP無雙酚A萬用烘焙紙(8公尺),158.0,日用生活/餐廚用品/料理．烘焙器具/烘焙紙．料理紙,1PC個 x 1 x 1PC個,https://online.carrefour.com.tw//zh/op/3146615600101.html
OP生物分解耐熱袋(小)200入,98.0,日用生活/餐廚用品/保鮮容器/保鮮膜,1Box盒 x 1 x 1BOX盒,https://online.carrefour.com.tw//zh/op/3142292700101.html
麥斯威爾原味咖啡三合一14g*25,185.0,米油沖泡/咖啡．茶包/咖啡/咖啡隨身包,14g克 x 25 x 1Pack包,https://online.carrefour.com.tw//zh/%E9%BA%A5%E6%96%AF%E5%A8%81%E7%88%BE/1431106300101.html
肌研毛穴對策洗顏乳,199.0,美妝個清/個人清潔/卸妝洗顏/洗面乳．卸妝乳,100g克 x 1 x 1BOTTLE瓶,https://online.carrefour.com.tw//zh/%E8%82%8C%E7%A0%94/1202032300101.html
靠得住冰爽護墊超薄加長型(17.5cm)26PC,99.0,美妝個清/女性衛生/衛生棉/護墊,26PC片 x 1 x 1PC包,https://online.carrefour.com.tw//zh/%E9%9D%A0%E5%BE%97%E4%BD%8F/1212007500101.html
雀巢美祿穀物棒3入盒裝,85.0,飲料零食/精選餅乾/甜餅乾/其它口味,70.5g克 x 1 x 1BOX盒,https://online.carrefour.com.tw//zh/%E9%9B%80%E5%B7%A2/1410465200101.html
森田藥粧玻尿酸保濕水潤洗顏乳120g,148.0,美妝個清/個人清潔/卸妝洗顏/洗面乳．卸妝乳,120g克 x 1 x 1PC支,https://online.carrefour.com.tw//zh/%E6%A3%AE%E7%94%B0%E8%97%A5%E7%B2%A7/1202009600101.html
森田藥粧微米控油精華洗顏乳120g,148.0,美妝個清/個人清潔/卸妝洗顏/洗面乳．卸妝乳,120g克 x 1 x 1PC支,https://online.carrefour.com.tw//zh/%E6%A3%AE%E7%94%B0%E8%97%A5%E7%B2%A7/1202019200101.html
KAKA魷魚捲片-台式鹽酥-80g,99.0,飲料零食/精選餅乾/鹹餅乾/點心零食,80g克 x 1 x 1Bag包,https://online.carrefour.com.tw//zh/kaka/1401018700101.html
[限量]元氣森林荔枝風味氣泡水480ml,39.0,飲料零食/水．汽水/氣泡水,480ml毫升 x 1 x 1BOTTLE瓶,https://online.carrefour.com.tw//zh/%E5%85%83%E6%B0%A3%E6%A3%AE%E6%9E%97/1004106800101.html
高露潔抗敏感牙齦護理牙膏,168.0,美妝個清/個人清潔/口腔清潔用品/功能性牙膏,120g克 x 1 x 1PC支,https://online.carrefour.com.tw//zh/%E9%AB%98%E9%9C%B2%E6%BD%94colgate/1210201000101.html
OG牛奶巧克力覆蓋餅,89.0,飲料零食/精選餅乾/甜餅乾/巧克力口味,102g克 x 1 x 1BOX盒,https://online.carrefour.com.tw//zh/1410236100101.html
台鹽護牙齦益牙周牙膏,135.0,美妝個清/個人清潔/口腔清潔用品/功能性牙膏,140g克 x 1 x 1PC盒,https://online.carrefour.com.tw//zh/%E5%8F%B0%E9%B9%BD/1210214000101.html
森田藥粧微米保濕精華洗顏乳120g,148.0,美妝個清/個人清潔/卸妝洗顏/洗面乳．卸妝乳,120g克 x 1 x 1PC支,https://online.carrefour.com.tw//zh/%E6%A3%AE%E7%94%B0%E8%97%A5%E7%B2%A7/1202015300101.html
Keyway星空全功能衣架6入,165.0,日用生活/家庭清潔 殺蟲/衣物洗晾收納/洗衣．晾衣用具,1PC個 x 1 x 1PC個,https://online.carrefour.com.tw//zh/keyway/3162191400101.html
無塵氏 銀離子抗菌擦拭巾80抽,89.0,日用生活/家庭清潔 殺蟲/清潔工具/打掃除塵工具/靜電紙,1PC包 x 1 x 1PC包,https://online.carrefour.com.tw//zh/%E7%84%A1%E5%A1%B5%E6%B0%8F/3156705100101.html
橘平厚烤椒鹽海苔,129.0,飲料零食/休閒零食/豆乾．肉乾．海苔/海苔．海苔脆片,36g克 x 1 x 1PACK包,https://online.carrefour.com.tw//zh/%E6%A9%98%E5%B9%B3%E5%B1%8B/1420409900101.html
OP生物分解抗菌立體密封袋 M(29入),98.0,日用生活/餐廚用品/保鮮容器/保鮮膜,1PC個 x 1 x 1PC個,https://online.carrefour.com.tw//zh/op/3142104000101.html
橘平屋半切燒海苔,129.0,飲料零食/休閒零食/豆乾．肉乾．海苔/海苔．海苔脆片,26g克 x 1 x 1Bag袋,https://online.carrefour.com.tw//zh/%E6%A9%98%E5%B9%B3%E5%B1%8B/1420420700101.html
味榮極釀級有機黑豆蔭油膏320ml,190.0,米油沖泡/調味．罐頭湯品．南北貨/調味品/醬油膏,320ml毫升 x 1 x 1Bottle瓶,https://online.carrefour.com.tw//zh/%E5%91%B3%E6%A6%AE/1462101800101.html
專科超微米控油潔顏乳,145.0,美妝個清/個人清潔/卸妝洗顏/洗面乳．卸妝乳,100g克 x 1 x 1PC條,https://online.carrefour.com.tw//zh/%E5%B0%88%E7%A7%91/1202012400101.html
pet story超凝淨球砂清新爽身香3.6KG,188.0,休閒娛樂/寵物用品/寵物美容．清潔,1PC個 x 1 x 1PC個,https://online.carrefour.com.tw//zh/pet-story/3451102100101.html
歐特滿分優果-有機無調味南瓜子 135g,200.0,飲料零食/休閒零食/堅果類/瓜子及豆類,135g克 x 1 x 1PACK包,https://online.carrefour.com.tw//zh/%E6%AD%90%E7%89%B9/1424221700101.html
白蘭香氛洗衣球舒沁雪松鼠尾草230g(23顆),198.0,日用生活/家庭清潔 殺蟲/洗衣精 洗衣球,230g克 x 1 x 1Bag袋,https://online.carrefour.com.tw//zh/%E7%99%BD%E8%98%AD/1110592200101.html
東和好媽媽無添加蕃茄汁鯖魚(黃易),178.0,米油沖泡/調味．罐頭湯品．南北貨/罐頭/其它魚類,230g克 x 1 x 3Can罐,https://online.carrefour.com.tw//zh/%E6%9D%B1%E5%92%8C%E5%A5%BD%E5%AA%BD%E5%AA%BD/1483205400103.html
百家珍紅葡萄醋600ml,219.0,飲料零食/果汁．養生/濃縮飲料/水果醋/濃縮醋,600ml毫升 x 1 x 1Bottle瓶,https://online.carrefour.com.tw//zh/%E7%99%BE%E5%AE%B6%E7%8F%8D/1005202500101.html
靠得住安全瞬吸護墊無香加長型17.5cm-26PC,129.0,美妝個清/女性衛生/衛生棉/護墊,26PC片 x 1 x 2Pack包,https://online.carrefour.com.tw//zh/%E9%9D%A0%E5%BE%97%E4%BD%8F/1212004400102.html
台鹽護牙齦全亮白牙膏,135.0,美妝個清/個人清潔/口腔清潔用品/功能性牙膏,140g克 x 1 x 1PC盒,https://online.carrefour.com.tw//zh/%E5%8F%B0%E9%B9%BD/1210214200101.html
炒貨世家牛奶口味脆捲,158.0,飲料零食/精選餅乾/甜餅乾/捲心餅,320g克 x 1 x 1Bag袋,https://online.carrefour.com.tw//zh/%E7%82%92%E8%B2%A8%E4%B8%96%E5%AE%B6/1413231200101.html
家樂福精選特黑巧克力90%-80g,89.0,飲料零食/糖果．巧克力．口香糖/巧克力/純巧克力,80g克 x 1 x 1BoX盒,https://online.carrefour.com.tw//zh/%E5%AE%B6%E6%A8%82%E7%A6%8F/1423302500101.html
元氣森林白桃風味氣泡水480ml,39.0,飲料零食/水．汽水/氣泡水,480ml毫升 x 1 x 1BOTTLE瓶,https://online.carrefour.com.tw//zh/%E5%85%83%E6%B0%A3%E6%A3%AE%E6%9E%97/1004105900101.html
橘平屋韓式半切海苔-梅子風味,129.0,飲料零食/休閒零食/豆乾．肉乾．海苔/海苔．海苔脆片,36g克 x 1 x 1PACK包,https://online.carrefour.com.tw//zh/%E6%A9%98%E5%B9%B3%E5%B1%8B/1420411900101.html
家樂福精選牛奶巧克力,89.0,飲料零食/糖果．巧克力．口香糖/巧克力/純巧克力,100g克 x 1 x 1BOX箱,https://online.carrefour.com.tw//zh/%E5%AE%B6%E6%A8%82%E7%A6%8F/1423307700101.html
百家珍蔓越莓醋600ml,219.0,飲料零食/果汁．養生/濃縮飲料/水果醋/濃縮醋,600ml毫升 x 1 x 1Bottle瓶,https://online.carrefour.com.tw//zh/%E7%99%BE%E5%AE%B6%E7%8F%8D/1005202000101.html
中興米外銷澳洲雪梨的米2.5kg,265.0,米油沖泡/米．食用油/米/米,2.5Kg公斤 x 1 x 1Bag袋,https://online.carrefour.com.tw//zh/%E4%B8%AD%E8%88%88%E7%B1%B3/1451005300101.html
舒潔羽絨經濟抽取衛生紙FSC100抽12包(100抽x12包),299.0,日用生活/衛生紙/抽取式．平板．滾筒/抽取,100PC抽 x 12 x 1PC包,https://online.carrefour.com.tw//zh/%E8%88%92%E6%BD%94/1220115500101.html
丸莊甘醇釀造醬油,168.0,米油沖泡/調味．罐頭湯品．南北貨/調味品/醬油,1600ml毫升 x 1 x 1Bottle瓶,https://online.carrefour.com.tw//zh/%E4%B8%B8%E8%8E%8A/1462029400101.html
桂格美味三合一麥片 經典可可,138.0,米油沖泡/沖泡飲品．食品/沖泡飲品/三合一麥片,280g克 x 1 x 1Bag包,https://online.carrefour.com.tw//zh/%E6%A1%82%E6%A0%BC/1436292600101.html
白蘭香氛洗衣球澄淨玫瑰青檸230g(23顆),198.0,日用生活/家庭清潔 殺蟲/洗衣精 洗衣球,230g克 x 1 x 1Bag袋,https://online.carrefour.com.tw//zh/%E7%99%BD%E8%98%AD/1110592300101.html
OP生物分解耐熱袋(中)160入,98.0,日用生活/餐廚用品/保鮮容器/保鮮膜,1Box盒 x 1 x 1BOX盒,https://online.carrefour.com.tw//zh/op/3142292600101.html
桂格美味三合一麥片 特濃牛奶,138.0,米油沖泡/沖泡飲品．食品/沖泡飲品/三合一麥片,280g克 x 1 x 1Bag包,https://online.carrefour.com.tw//zh/%E6%A1%82%E6%A0%BC/1436292700101.html
皇家榖堡莊園黑米-1kg,198.0,米油沖泡/米．食用油/米/胚芽米,1Kg公斤 x 1 x 1Bag包,https://online.carrefour.com.tw//zh/1451105100101.html
麥斯威爾拿鐵咖啡三合一14g*25,185.0,米油沖泡/咖啡．茶包/咖啡/咖啡隨身包,14g克 x 25 x 1Bag袋,https://online.carrefour.com.tw//zh/%E9%BA%A5%E6%96%AF%E5%A8%81%E7%88%BE/1431105700101.html
靠得住茶樹舒涼日常護墊17.5cm-26PC,99.0,美妝個清/女性衛生/衛生棉/護墊,26PC片 x 1 x 1PC包,https://online.carrefour.com.tw//zh/%E9%9D%A0%E5%BE%97%E4%BD%8F/1212000200101.html
UCC典藏風味濾掛式咖啡,176.0,米油沖泡/咖啡．茶包/咖啡/咖啡,8g克 x 12 x 1BoX盒,https://online.carrefour.com.tw//zh/ucc/1431507200101.html
麥斯威爾香醇低脂咖啡經濟包13gx25,185.0,米油沖泡/咖啡．茶包/咖啡/咖啡隨身包,13g克 x 25 x 1Pack包,https://online.carrefour.com.tw//zh/%E9%BA%A5%E6%96%AF%E5%A8%81%E7%88%BE/1431106400101.html
家樂福精選覆盆子脆餅黑巧克力,89.0,飲料零食/糖果．巧克力．口香糖/巧克力/純巧克力,100g克 x 1 x 1PC片,https://online.carrefour.com.tw//zh/%E5%AE%B6%E6%A8%82%E7%A6%8F/1423309400101.html
靠得住暖心香氛杏桃花護墊14.5cm-25PCx2,99.0,美妝個清/女性衛生/衛生棉/護墊,25PC片 x 1 x 2PC包,https://online.carrefour.com.tw//zh/%E9%9D%A0%E5%BE%97%E4%BD%8F/1212003300102.html
KIYODO珊瑚絨雙色抹布-長形(顏色隨機出貨),69.0,日用生活/家庭清潔 殺蟲/清潔工具/衛浴清潔工具,1Pack包 x 1 x 1PACK包,https://online.carrefour.com.tw//zh/kiyodo/3153100600101.html
森田藥保濕深層卸妝棉,148.0,美妝個清/美妝保養/彩妝．護唇膏/化妝棉．配件,48PC片 x 1 x 1PC包,https://online.carrefour.com.tw//zh/%E6%A3%AE%E7%94%B0%E8%97%A5%E7%B2%A7/1203402500101.html
家樂福鹼性4號(AAA)電池 8 入,139.0,日用生活/居家修繕/電池/鹼性電池,1Card卡 x 1 x 1CARD卡,https://online.carrefour.com.tw//zh/3000006900101.html
OP生物分解抗菌密封袋 M(29入),98.0,日用生活/餐廚用品/保鮮容器/保鮮膜,1PC個 x 1 x 1PC個,https://online.carrefour.com.tw//zh/op/3142103900101.html
洗樂-大吉大利 圓柱洗衣袋/30x40cm,129.0,休閒娛樂/銅板商品 �,1PC個 x 1 x 1PC個,https://online.carrefour.com.tw//zh/udilife-%E6%B4%97%E6%A8%82/3160210600101.html
皇家穀堡蘭陽琵鷺生態一等白米2.2kg,298.0,米油沖泡/米．食用油/米/米,2.2Kg公斤 x 1 x 1Bag袋,https://online.carrefour.com.tw//zh/%E7%9A%87%E5%AE%B6%E7%A9%80%E5%A0%A1/1451018700101.html
pet story超凝淨球砂原味無香3.6KG,188.0,休閒娛樂/寵物用品/寵物美容．清潔,1PC個 x 1 x 1PC個,https://online.carrefour.com.tw//zh/pet-story/3451101000101.html
森田藥粧極淨保濕卸妝棉-48PC,148.0,美妝個清/美妝保養/彩妝．護唇膏/化妝棉．配件,48PC片 x 1 x 1PC包,https://online.carrefour.com.tw//zh/%E6%A3%AE%E7%94%B0%E8%97%A5%E7%B2%A7/1203407300101.html
萬歲牌和風堅果綜合果-156g,198.0,飲料零食/休閒零食/堅果類/混合,156g克 x 1 x 1BOX盒,https://online.carrefour.com.tw//zh/%E8%90%AC%E6%AD%B2%E7%89%8C/1424401400101.html
舒潔濕式衛生紙外出包,98.0,日用生活/衛生紙/抽取式．平板．滾筒/抽取,10PC抽 x 3 x 1PC包,https://online.carrefour.com.tw//zh/%E8%88%92%E6%BD%94/1220105300101.html
加倍潔小蘇打去汙粉,98.0,日用生活/家庭清潔 殺蟲/家用清潔/其它類洗潔劑,1Kg公斤 x 1 x 1Bag包,https://online.carrefour.com.tw//zh/%E5%8A%A0%E5%80%8D%E6%BD%94/1105100200101.html
家樂福精選坦桑尼亞特黑巧克力85%-80g,89.0,飲料零食/糖果．巧克力．口香糖/巧克力/純巧克力,80g克 x 1 x 1BOX盒,https://online.carrefour.com.tw//zh/%E5%AE%B6%E6%A8%82%E7%A6%8F/1423300500101.html
舒潔兒童學習專用濕式衛生紙40抽,98.0,日用生活/衛生紙/抽取式．平板．滾筒/抽取,40PC抽 x 1 x 1PC包,https://online.carrefour.com.tw//zh/%E8%88%92%E6%BD%94/1220112200101.html
小蘇打粉1000g,99.0,日用生活/家庭清潔 殺蟲/清潔工具/衛浴清潔工具,1PC個 x 1 x 1PC個,https://online.carrefour.com.tw//zh/handk%E5%AE%B6%E5%B1%85/3153300500101.html
萊瑞100％玄米油1L,398.0,米油沖泡/米．食用油/食用油/蔬菜油,1L公升 x 1 x 1Bottle瓶,https://online.carrefour.com.tw//zh/1461390200101.html
UCC炭燒濾掛式咖啡,176.0,米油沖泡/咖啡．茶包/咖啡/咖啡,8g克 x 12 x 1BoX盒,https://online.carrefour.com.tw//zh/ucc/1431507300101.html
家樂福精選杏桃杏仁迷迭香巧克力100g-效期至2024/3,89.0,飲料零食/糖果．巧克力．口香糖/巧克力/純巧克力,100g克 x 1 x 1BOX盒,https://online.carrefour.com.tw//zh/%E5%AE%B6%E6%A8%82%E7%A6%8F/1423306200101.html
檸檬酸500g,99.0,日用生活/家庭清潔 殺蟲/清潔工具/衛浴清潔工具,1PC個 x 1 x 1PC個,https://online.carrefour.com.tw//zh/handk%E5%AE%B6%E5%B1%85/3153300800101.html
【園藝用品】花公主有機質培養土10L,115.0,休閒娛樂/園藝用品/肥料．培養土,1Pack包 x 1 x 1Pack包,https://online.carrefour.com.tw//zh/%E8%88%88%E8%BE%B2/3412000300101.html
家樂福精選鹽之花黑巧克力,89.0,飲料零食/糖果．巧克力．口香糖/巧克力/純巧克力,100g克 x 1 x 1BOX箱,https://online.carrefour.com.tw//zh/%E5%AE%B6%E6%A8%82%E7%A6%8F/1423314100101.html
野菜園海苔堅果三明治(杏仁芝麻),132.0,飲料零食/休閒零食/豆乾．肉乾．海苔/海苔．海苔脆片,60g克 x 1 x 1Bag袋,https://online.carrefour.com.tw//zh/%E8%8F%AF%E5%85%83/1420410900101.html
萬家香薄鹽有機醬油350ml,210.0,米油沖泡/調味．罐頭湯品．南北貨/調味品/醬油,350ml毫升 x 1 x 1BOTTLE瓶,https://online.carrefour.com.tw//zh/%E8%90%AC%E5%AE%B6%E9%A6%99/1462023500101.html
靠得住晚安好眠褲XL號,99.0,美妝個清/女性衛生/衛生棉/夜用,2PC片 x 1 x 1PC包,https://online.carrefour.com.tw//zh/%E9%9D%A0%E5%BE%97%E4%BD%8F/1212391200101.html
白蘭香氛洗衣球清新白茶,198.0,日用生活/家庭清潔 殺蟲/洗衣精 洗衣球,10g克 x 23 x 1Bag包,https://online.carrefour.com.tw//zh/%E7%99%BD%E8%98%AD/1110588600101.html
白蘭香氛洗衣球質感小蒼蘭,198.0,日用生活/家庭清潔 殺蟲/洗衣精 洗衣球,10g克 x 23 x 1Bag包,https://online.carrefour.com.tw//zh/%E7%99%BD%E8%98%AD/1110588700101.html
SUPER超級三合一原味减糖奶茶18g X25,229.0,米油沖泡/咖啡．茶包/茶包/即溶茶,18g克 x 25 x 1Bag包,https://online.carrefour.com.tw//zh/super/1430300400101.html
工作日誌Monday濾掛(趕走懶懶咖啡)8g X8,148.0,米油沖泡/咖啡．茶包/咖啡/咖啡,8g克 x 8 x 1BOX盒,https://online.carrefour.com.tw//zh/%E5%B7%A5%E4%BD%9C%E6%97%A5%E8%AA%8C/1431513600101.html
葡萄王康普茶雙纖飲葡柚蜜香風味 530ml,136.0,飲料零食/茶飲．咖啡/紅茶．花茶．水果茶/紅茶,530ml毫升 x 1 x 4Bottle瓶,https://online.carrefour.com.tw//zh/%E8%91%A1%E8%90%84%E7%8E%8B/1003192700104.html
Sunny Ranch每日堅果隨手包-無調味綜合堅果35gx7,239.0,飲料零食/休閒零食/堅果類/堅果,245g克 x 1 x 1Bag包,https://online.carrefour.com.tw//zh/sunny-ranch/1424312800101.html
采漾角形洗衣袋50x60cm,129.0,休閒娛樂/銅板商品 �,1PC個 x 1 x 1PC個,https://online.carrefour.com.tw//zh/udilife/3160210200101.html
泰山主廚精選極品葵花油1L,339.0,米油沖泡/米．食用油/食用油/葵花油,1L公升 x 1 x 1Bottle瓶,https://online.carrefour.com.tw//zh/%E6%B3%B0%E5%B1%B1/1461190700101.html
皂福無香精洗潔精補充包-800g,96.0,日用生活/家庭清潔 殺蟲/洗碗精,800g克 x 1 x 1Pack包,https://online.carrefour.com.tw//zh/%E7%9A%82%E7%A6%8F/1105000800101.html
蘇菲超熟睡草本抑菌超薄28cm16片,145.0,美妝個清/女性衛生/衛生棉/夜用,16PC片 x 1 x 1PACK包,https://online.carrefour.com.tw//zh/%E8%98%87%E8%8F%B2/1212316300101.html
味榮極釀級有機黑豆蔭油露320ml,190.0,米油沖泡/調味．罐頭湯品．南北貨/調味品/醬油,320ml毫升 x 1 x 1Bottle瓶,https://online.carrefour.com.tw//zh/%E5%91%B3%E6%A6%AE/1462002200101.html
熊寶貝護衣芳香雪松X橙花補充包300ML,198.0,日用生活/家庭清潔 殺蟲/柔軟冷洗精．漂白劑,300ml毫升 x 1 x 1PC包,https://online.carrefour.com.tw//zh/snuggle%E7%86%8A%E5%AF%B6%E8%B2%9D/1111007400101.html
清淨海環保洗衣精1800g,190.0,日用生活/家庭清潔 殺蟲/洗衣精 洗衣球,1800g克 x 1 x 1Bottle瓶,https://online.carrefour.com.tw//zh/%E6%B8%85%E6%B7%A8%E6%B5%B7/1110309400101.html
雀巢纖怡巧克力穀物棒3入盒裝,85.0,飲料零食/精選餅乾/甜餅乾/其它口味,70.5g克 x 1 x 1BOX盒,https://online.carrefour.com.tw//zh/%E9%9B%80%E5%B7%A2/1410464900101.html
茶樹莊園超濃縮洗碗精補充包-茶樹海鹽,118.0,日用生活/家庭清潔 殺蟲/洗碗精,700g克 x 1 x 1Bag袋,https://online.carrefour.com.tw//zh/%E8%8A%B1%E4%BB%99%E5%AD%90/1105006500101.html
森田藥粧FOR MAN控油洗顏乳120g,148.0,美妝個清/個人清潔/卸妝洗顏/洗面乳．卸妝乳,120g克 x 1 x 1PC支,https://online.carrefour.com.tw//zh/%E6%A3%AE%E7%94%B0%E8%97%A5%E7%B2%A7/1202018000101.html
家樂福精選特黑巧克力72%,89.0,飲料零食/糖果．巧克力．口香糖/巧克力/純巧克力,80g克 x 1 x 1PC個,https://online.carrefour.com.tw//zh/%E5%AE%B6%E6%A8%82%E7%A6%8F/1423305000101.html
蘇菲極淨肌有機棉超薄潔翼26cm 14片,145.0,美妝個清/女性衛生/衛生棉/日用加長,14PC片 x 1 x 1PC包,https://online.carrefour.com.tw//zh/%E8%98%87%E8%8F%B2/1212202800101.html
曾蒙牛 清燉牛肉麵,199.0,米油沖泡/泡麵．麵條/泡麵/麵條拉麵,500g克 x 1 x 1BoX盒,https://online.carrefour.com.tw//zh/%E6%9B%BE%E8%92%99%E7%89%9B/1450640100101.html
金氏韓式泡菜(每瓶約600g),299.0,生鮮冷凍/奶蛋點心食品/甜點小菜．冷盤,600g克 x 1 x 1CAN罐,https://online.carrefour.com.tw//zh/%E9%87%91%E6%B0%8F/1513010800101.html
白蘭香氛洗衣球純淨白麝香,198.0,日用生活/家庭清潔 殺蟲/洗衣精 洗衣球,10g克 x 23 x 1Bag包,https://online.carrefour.com.tw//zh/%E7%99%BD%E8%98%AD/1110588500101.html
靠得住晚安好眠褲M 2片,99.0,美妝個清/女性衛生/衛生棉/夜用,2PC片 x 1 x 1PC包,https://online.carrefour.com.tw//zh/%E9%9D%A0%E5%BE%97%E4%BD%8F/1212313600101.html
美吾髮純萃植感水薄荷涼感去屑洗髮精,299.0,美妝個清/個人清潔/洗護造型/洗髮精,500ml毫升 x 1 x 1PC瓶,https://online.carrefour.com.tw//zh/%E7%BE%8E%E5%90%BE%E9%AB%AE/1200031300101.html
無塵氏檸檬柑橘擦拭拖地兩用布,59.0,日用生活/家庭清潔 殺蟲/清潔工具/打掃除塵工具/靜電紙,1PC包 x 1 x 1PC包,https://online.carrefour.com.tw//zh/%E7%84%A1%E5%A1%B5%E6%B0%8F/3156701800101.html
西雅圖棉花球可可亞 25g X12,188.0,米油沖泡/沖泡飲品．食品/沖泡飲品/巧克力飲品,25g克 x 12 x 1BOX盒,https://online.carrefour.com.tw//zh/%E8%A5%BF%E9%9B%85%E5%9C%96/1436007100101.html
靠得住香氛瞬吸護墊-梔子花17.5cm-24PC,129.0,美妝個清/女性衛生/衛生棉/護墊,24PC片 x 1 x 2PC包,https://online.carrefour.com.tw//zh/%E9%9D%A0%E5%BE%97%E4%BD%8F/1212008300102.html
味丹 老北京炸醬麵84g,118.0,米油沖泡/泡麵．麵條/泡麵/牛肉口味,84g克 x 1 x 4Bag包,https://online.carrefour.com.tw//zh/%E5%91%B3%E4%B8%B9/1450194200104.html
伯朗巴西聖多士咖啡豆450g,368.0,米油沖泡/咖啡．茶包/咖啡/咖啡粉/咖啡豆,450g克 x 1 x 1Pack包,https://online.carrefour.com.tw//zh/%E4%BC%AF%E6%9C%97/1431002200101.html
貝納頌三合一咖啡-經典曼特寧 18g x25,398.0,米油沖泡/咖啡．茶包/咖啡/咖啡隨身包,18g克 x 25 x 1Box盒,https://online.carrefour.com.tw//zh/%E8%B2%9D%E7%B4%8D%E9%A0%8C/1431113400101.html
Sunny Ranch每日堅果隨手包-綜合堅果,239.0,飲料零食/休閒零食/堅果類/堅果,245g克 x 1 x 1Bag包,https://online.carrefour.com.tw//zh/sunny-ranch/1424312900101.html
靠得住安全瞬吸護墊無香標準型14.5cm-30PC,129.0,美妝個清/女性衛生/衛生棉/護墊,30PC片 x 1 x 2Pack包,https://online.carrefour.com.tw//zh/%E9%9D%A0%E5%BE%97%E4%BD%8F/1212004300102.html
雀巢可可脆片穀物棒3入盒裝 ,85.0,飲料零食/精選餅乾/甜餅乾/其它口味,75g克 x 1 x 1BOX盒,https://online.carrefour.com.tw//zh/%E9%9B%80%E5%B7%A2/1410465100101.html
野菜園海苔堅果三明治(紫米芝麻),132.0,飲料零食/休閒零食/豆乾．肉乾．海苔/海苔．海苔脆片,60g克 x 1 x 1Bag袋,https://online.carrefour.com.tw//zh/1420400700101.html
炒貨世家巧克力口味脆捲,158.0,飲料零食/精選餅乾/甜餅乾/捲心餅,320g克 x 1 x 1Bag袋,https://online.carrefour.com.tw//zh/%E7%82%92%E8%B2%A8%E4%B8%96%E5%AE%B6/1413231600101.html
輕時代 強淨泡泡 洗衣槽清潔劑,96.0,日用生活/家庭清潔 殺蟲/家用清潔/其它類洗潔劑,450g克 x 1 x 1PC盒,https://online.carrefour.com.tw//zh/%E8%BC%95%E6%99%82%E4%BB%A3/1105103400101.html
雀巢金牌咖啡重焙拿鐵2合1-18gx30入,398.0,米油沖泡/咖啡．茶包/咖啡/咖啡隨身包,18g克 x 30 x 1BOX盒,https://online.carrefour.com.tw//zh/%E9%9B%80%E5%B7%A2/1431102200101.html
關山穀堡壽豐七星米,318.0,米油沖泡/米．食用油/米/米,3Kg公斤 x 1 x 1Bag袋,https://online.carrefour.com.tw//zh/%E9%97%9C%E5%B1%B1%E7%A9%80%E5%A0%A1/1451012200101.html
中興頂級壽司米(噴水雞肉飯專用米)1.5Kg,198.0,米油沖泡/米．食用油/米/米,1.5Kg公斤 x 1 x 1Bag包,https://online.carrefour.com.tw//zh/%E4%B8%AD%E8%88%88%E7%B1%B3/1451000600101.html
輕時代絕對乾燥集水替換包茉莉花香570g,96.0,日用生活/家庭清潔 殺蟲/除濕．香氛,570g克 x 1 x 1PC包,https://online.carrefour.com.tw//zh/%E8%BC%95%E6%99%82%E4%BB%A3/1103203900101.html
皂福冷壓橘油皂精補充包-1500g,96.0,日用生活/家庭清潔 殺蟲/洗衣精 洗衣球,1500g克 x 1 x 1Bag袋,https://online.carrefour.com.tw//zh/%E7%9A%82%E7%A6%8F/1110321300101.html
靠得住蘆薈高透氧護墊標準14.5cm,159.0,美妝個清/女性衛生/衛生棉/護墊,26PC片 x 4 x 1PC包,https://online.carrefour.com.tw//zh/%E9%9D%A0%E5%BE%97%E4%BD%8F/1212099800101.html
SUPER超級三合一特濃即溶咖啡18g X30,229.0,米油沖泡/咖啡．茶包/咖啡/咖啡隨身包,18g克 x 30 x 1Bag包,https://online.carrefour.com.tw//zh/super/1431109600101.html
白蘭廚房清潔劑檸噴,116.0,日用生活/家庭清潔 殺蟲/家用清潔/廚房清潔,480GB x 1 x 1Bottle瓶,https://online.carrefour.com.tw//zh/%E7%99%BD%E8%98%AD/1102103300101.html
蘇菲清新涼感微涼小黃瓜23cm14片,146.0,美妝個清/女性衛生/衛生棉/日用標準,14PC包 x 1 x 1PC包,https://online.carrefour.com.tw//zh/%E8%98%87%E8%8F%B2/1212100500101.html
"舒潔袖珍包面紙寶可夢限量版FSC(圖案隨機)*限量包裝,恕不指定(以實際出貨為主)",98.0,日用生活/衛生紙/面紙．濕紙巾/紙手帕．袖珍面紙,10PC抽 x 26 x 1PC包,https://online.carrefour.com.tw//zh/%E8%88%92%E6%BD%94/1221102900101.html
OP生物分解抗菌密封袋 L(17入),98.0,日用生活/餐廚用品/保鮮容器/保鮮膜,1PC個 x 1 x 1PC個,https://online.carrefour.com.tw//zh/op/3142103800101.html
貝納頌三合一咖啡-經典拿鐵 20g x25,398.0,米油沖泡/咖啡．茶包/咖啡/咖啡隨身包,20g克 x 25 x 1Box盒,https://online.carrefour.com.tw//zh/%E8%B2%9D%E7%B4%8D%E9%A0%8C/1431105900101.html
田野市有機銀耳,79.0,飲料零食/果汁．養生/保健養生/雞精．四物飲．燕窩,280ml毫升 x 1 x 1Can罐,https://online.carrefour.com.tw//zh/1002312700101.html
蘇菲極淨肌草本抑菌超薄26cm,145.0,美妝個清/女性衛生/衛生棉/日用加長,17PC片 x 1 x 1PC包,https://online.carrefour.com.tw//zh/%E8%98%87%E8%8F%B2/1212202700101.html
舒潔頂級3層舒鼻紙手帕-10PCx10,98.0,日用生活/衛生紙/面紙．濕紙巾/紙手帕．袖珍面紙,10PC抽 x 10 x 1Bag包,https://online.carrefour.com.tw//zh/%E8%88%92%E6%BD%94/1221301700101.html
李時珍養氣人蔘精華飲35mlx18入,839.0,飲料零食/果汁．養生/保健養生/雞精．四物飲．燕窩,35ml毫升 x 18 x 1BOX盒,https://online.carrefour.com.tw//zh/%E6%9D%8E%E6%99%82%E7%8F%8D/1002310600101.html
采漾內衣洗淨袋18x16cm,129.0,休閒娛樂/銅板商品 �,1PC個 x 1 x 1PC個,https://online.carrefour.com.tw//zh/udilife-%E9%87%87%E6%BC%BE/3160303600101.html
家樂福鹼性3號(AA)電池 8 入,139.0,日用生活/居家修繕/電池/鹼性電池,1Card卡 x 1 x 1CARD卡,https://online.carrefour.com.tw//zh/3000191900101.html
曾蒙牛 紅燒牛肉麵,199.0,米油沖泡/泡麵．麵條/泡麵/麵條拉麵,500g克 x 1 x 1BoX盒,https://online.carrefour.com.tw//zh/%E6%9B%BE%E8%92%99%E7%89%9B/1450630000101.html
萊瑞100%酪梨油,598.0,米油沖泡/米．食用油/食用油/其他油類,750ml毫升 x 1 x 1BOTTLE瓶,https://online.carrefour.com.tw//zh/%E8%90%8A%E7%91%9E/1461509600101.html
蔥阿伯東北手工水餃韭菜豬肉水餃,189.0,生鮮冷凍/冷凍調理/水餃 麵食/豬肉水餃,720g克 x 1 x 1Bag包,https://online.carrefour.com.tw//zh/1525194700101.html
靠得住茶樹舒涼護墊14.5cm-26PC,99.0,美妝個清/女性衛生/衛生棉/護墊,26PC片 x 1 x 1PC包,https://online.carrefour.com.tw//zh/%E9%9D%A0%E5%BE%97%E4%BD%8F/1212009300101.html
靠得住茶樹舒涼護墊瞬吸加長17.5cm-18PC,99.0,美妝個清/女性衛生/衛生棉/護墊,18PC片 x 1 x 1PC包,https://online.carrefour.com.tw//zh/%E9%9D%A0%E5%BE%97%E4%BD%8F/1212009400101.html
得意的一天 日式味噌豬肉高湯粥 350g,140.0,米油沖泡/調味．罐頭湯品．南北貨/杯湯．速食袋湯/粥品,350g克 x 1 x 1Bag袋,https://online.carrefour.com.tw//zh/%E6%A1%82%E6%A0%BC/1452405100101.html
歐特滿分優果-有機無調味純堅果 80g,200.0,飲料零食/休閒零食/堅果類/堅果,80g克 x 1 x 1PACK包,https://online.carrefour.com.tw//zh/%E6%AD%90%E7%89%B9/1424321000101.html
巴黎萊雅優媚霜三重護髮染髮霜-1自然黑,379.0,美妝個清/美妝保養/染髮劑．用品/染髮劑,172ml毫升 x 1 x 1PC盒,https://online.carrefour.com.tw//zh/%E5%B7%B4%E9%BB%8E%E8%90%8A%E9%9B%85/1200510800101.html
茶樹莊園超濃縮洗碗精補充包-茶樹生薑,118.0,日用生活/家庭清潔 殺蟲/洗碗精,700g克 x 1 x 1Bag袋,https://online.carrefour.com.tw//zh/%E8%8A%B1%E4%BB%99%E5%AD%90/1105006500301.html
KAKA魷魚捲片-義式披薩-80g,99.0,飲料零食/精選餅乾/鹹餅乾/點心零食,80g克 x 1 x 1Bag包,https://online.carrefour.com.tw//zh/kaka/1401018600101.html
家樂福精選可可碎粒特黑巧克力,89.0,飲料零食/糖果．巧克力．口香糖/巧克力/純巧克力,100g克 x 1 x 1Pack包,https://online.carrefour.com.tw//zh/%E5%AE%B6%E6%A8%82%E7%A6%8F/1423301300101.html
KAKA醬燒蝦餅-炙烤原味,99.0,飲料零食/精選餅乾/鹹餅乾/點心零食,80g克 x 1 x 1Bag包,https://online.carrefour.com.tw//zh/kaka/1401014900101.html
Sunny Ranch每日堅果隨手包-綜合堅果乾,239.0,飲料零食/休閒零食/堅果類/混合,245g克 x 1 x 1Bag包,https://online.carrefour.com.tw//zh/sunny-ranch/1424406100101.html
皇家榖堡莊園紫米-1kg,198.0,米油沖泡/米．食用油/米/胚芽米,1Kg公斤 x 1 x 1Bag包,https://online.carrefour.com.tw//zh/1451105200101.html
麥斯威爾香醇無糖咖啡2合1,185.0,米油沖泡/咖啡．茶包/咖啡/咖啡隨身包,11g克 x 25 x 1Bag袋,https://online.carrefour.com.tw//zh/%E9%BA%A5%E6%96%AF%E5%A8%81%E7%88%BE/1431102100101.html
有機囍瑞即溶咖啡,398.0,米油沖泡/咖啡．茶包/咖啡/即溶咖啡,100g克 x 1 x 1Can罐,https://online.carrefour.com.tw//zh/%E5%9B%8D%E7%91%9E/1431200800101.html
東和好媽媽無添加辣不辣鮪魚130g,198.0,米油沖泡/調味．罐頭湯品．南北貨/罐頭/鮪魚,130g克 x 1 x 3Can罐,https://online.carrefour.com.tw//zh/%E6%9D%B1%E5%92%8C%E5%A5%BD%E5%AA%BD%E5%AA%BD/1483010700103.html
靠得住蘆薈高透氧護墊加長-沐浴香氛(17.5cm)24PCx4,159.0,美妝個清/女性衛生/衛生棉/護墊,24PC片 x 4 x 1PC包,https://online.carrefour.com.tw//zh/%E9%9D%A0%E5%BE%97%E4%BD%8F/1212099900201.html
伯朗精選綜合咖啡豆-450g,368.0,米油沖泡/咖啡．茶包/咖啡/咖啡粉/咖啡豆,450g克 x 1 x 1Pack包,https://online.carrefour.com.tw//zh/%E4%BC%AF%E6%9C%97/1431002500101.html
森田藥粧FOR MAN潔淨洗顏乳120g,148.0,美妝個清/個人清潔/卸妝洗顏/洗面乳．卸妝乳,120g克 x 1 x 1PC支,https://online.carrefour.com.tw//zh/%E6%A3%AE%E7%94%B0%E8%97%A5%E7%B2%A7/1202018200101.html
KAKA蚵仔酥-鹹蛋黃-80g,99.0,飲料零食/精選餅乾/鹹餅乾/點心零食,80g克 x 1 x 1Bag包,https://online.carrefour.com.tw//zh/kaka/1401014500101.html
蘇菲清新涼感清涼薄荷23cm 14片,146.0,美妝個清/女性衛生/衛生棉/日用標準,14PC包 x 1 x 1PC包,https://online.carrefour.com.tw//zh/%E8%98%87%E8%8F%B2/1212102100101.html
棕欖香皂115gx6,148.0,美妝個清/個人清潔/沐浴用品/進口香皂．抗菌香皂．潔手乳,115g克 x 1 x 6PC個,https://online.carrefour.com.tw//zh/%E6%A3%95%E6%AC%96palmolive/1201002300206.html
維義玄米油2000ml,499.0,米油沖泡/米．食用油/食用油/其他油類,2000ml毫升 x 1 x 1BOTTLE瓶,https://online.carrefour.com.tw//zh/%E7%B6%AD%E7%BE%A9/1461509200101.html
得意的一天玉米雞肉高湯粥350g,140.0,米油沖泡/調味．罐頭湯品．南北貨/杯湯．速食袋湯/粥品,350g克 x 1 x 1Bag袋,https://online.carrefour.com.tw//zh/%E5%BE%97%E6%84%8F%E7%9A%84%E4%B8%80%E5%A4%A9/1452405000101.html
伯朗咖啡豆-哥倫比亞單品咖啡豆450g,368.0,米油沖泡/咖啡．茶包/咖啡/咖啡粉/咖啡豆,450g克 x 1 x 1Bag包,https://online.carrefour.com.tw//zh/%E4%BC%AF%E6%9C%97/1431018800101.html
東和好媽媽無添加玉米鮪魚150g,198.0,米油沖泡/調味．罐頭湯品．南北貨/罐頭/鮪魚,150g克 x 1 x 3Can罐,https://online.carrefour.com.tw//zh/%E6%9D%B1%E5%92%8C%E5%A5%BD%E5%AA%BD%E5%AA%BD/1483010600103.html
靠得住蘆薈高透氧護墊加長17.5cm,159.0,美妝個清/女性衛生/衛生棉/護墊,24PC片 x 4 x 1PC包,https://online.carrefour.com.tw//zh/%E9%9D%A0%E5%BE%97%E4%BD%8F/1212099900101.html
蔥阿伯東北手工水餃高麗菜豬肉水餃,189.0,生鮮冷凍/冷凍調理/水餃 麵食/豬肉水餃,720g克 x 1 x 1Bag包,https://online.carrefour.com.tw//zh/1525000300101.html
美吾髮純萃植感積雪草保水修護洗髮精,299.0,美妝個清/個人清潔/洗護造型/洗髮精,500ml毫升 x 1 x 1PC瓶,https://online.carrefour.com.tw//zh/%E7%BE%8E%E5%90%BE%E9%AB%AE/1200032300101.html
元氣森林葡萄風味氣泡水480ml,39.0,飲料零食/水．汽水/氣泡水,480ml毫升 x 1 x 1BOTTLE瓶,https://online.carrefour.com.tw//zh/%E5%85%83%E6%B0%A3%E6%A3%AE%E6%9E%97/1004109700101.html
東和好媽媽無添加油漬鮪魚,198.0,米油沖泡/調味．罐頭湯品．南北貨/罐頭/鮪魚,130g克 x 1 x 3Set組,https://online.carrefour.com.tw//zh/%E6%9D%B1%E5%92%8C%E5%A5%BD%E5%AA%BD%E5%AA%BD/1483007300103.html
皂福無香精天然酵素肥皂精補充包-1500g,96.0,日用生活/家庭清潔 殺蟲/洗衣精 洗衣球,1500g克 x 1 x 1Bag袋,https://online.carrefour.com.tw//zh/%E7%9A%82%E7%A6%8F/1110321200101.html
靠得住健康抑菌護墊標準型草本清香 14.5cm(25片）,99.0,美妝個清/女性衛生/衛生棉/護墊,25PC片 x 1 x 2Pack包,https://online.carrefour.com.tw//zh/%E9%9D%A0%E5%BE%97%E4%BD%8F/1212006300102.html
貝納頌二合一咖啡(經典曼特寧風味)13g X25,398.0,米油沖泡/咖啡．茶包/咖啡/咖啡隨身包,13g克 x 25 x 1BOX盒,https://online.carrefour.com.tw//zh/%E8%B2%9D%E7%B4%8D%E9%A0%8C/1431127000101.html
楓康三效海棉菜瓜布4入,63.0,日用生活/家庭清潔 殺蟲/清潔工具/衛浴清潔工具,1PC個 x 1 x 1PC個,https://online.carrefour.com.tw//zh/%E6%A5%93%E5%BA%B7/3153304600101.html
楓康細緻專用菜瓜布,63.0,日用生活/家庭清潔 殺蟲/清潔工具/衛浴清潔工具,1PC個 x 1 x 1PC個,https://online.carrefour.com.tw//zh/%E6%A5%93%E5%BA%B7/3153389100101.html
皂福 天然洗衣皂精-太陽花香肥皂精補充包,138.0,日用生活/家庭清潔 殺蟲/洗衣精 洗衣球,1800g克 x 1 x 1Bag包,https://online.carrefour.com.tw//zh/%E7%9A%82%E7%A6%8F/1110341000101.html
皂福無香精洗衣皂精補充包-2000g,138.0,日用生活/家庭清潔 殺蟲/洗衣精 洗衣球,2000g克 x 1 x 1Pack包,https://online.carrefour.com.tw//zh/%E7%9A%82%E7%A6%8F/1110315600101.html
李時珍美妍四物鐵精華飲35mlx12入,582.0,飲料零食/果汁．養生/保健養生/雞精．四物飲．燕窩,35ml毫升 x 12 x 1BOX盒,https://online.carrefour.com.tw//zh/%E6%9D%8E%E6%99%82%E7%8F%8D/1002310500101.html
Farcent香水胺基酸沐浴露-同名花語780g,349.0,美妝個清/個人清潔/沐浴用品/沐浴乳,780g克 x 1 x 1PC瓶,https://online.carrefour.com.tw//zh/farcent%E8%8A%B1%E4%BB%99%E5%AD%90/1201148100101.html
艾菲爾鐵網圓形垃圾桶12L,199.0,日用生活/家庭清潔 殺蟲/清潔工具/垃圾袋．垃圾桶,1PC個 x 1 x 1PC個,https://online.carrefour.com.tw//zh/handk%E5%AE%B6%E5%B1%85/3151005500101.html
SUPER超級三合一原味减糖即溶咖啡15g X35,229.0,米油沖泡/咖啡．茶包/咖啡/咖啡隨身包,15g克 x 35 x 1Bag包,https://online.carrefour.com.tw//zh/super/1431112100101.html
森田藥粧FOR MAN清爽洗顏乳120g,148.0,美妝個清/個人清潔/卸妝洗顏/洗面乳．卸妝乳,120g克 x 1 x 1PC支,https://online.carrefour.com.tw//zh/%E6%A3%AE%E7%94%B0%E8%97%A5%E7%B2%A7/1202018900101.html
OP茶酚淨洗潔精-清雅茶香,266.0,日用生活/家庭清潔 殺蟲/洗碗精,1000g克 x 1 x 1BOTTLE瓶,https://online.carrefour.com.tw//zh/op/1105015600101.html
洗樂-大吉大利角形洗衣袋/40x50cm,129.0,休閒娛樂/銅板商品 �,1PC個 x 1 x 1PC個,https://online.carrefour.com.tw//zh/3160210500101.html
歐特滿分優果有機椒鹽堅果,200.0,飲料零食/休閒零食/堅果類/堅果,80g克 x 1 x 1PC包,https://online.carrefour.com.tw//zh/%E6%AD%90%E7%89%B9oter/1424310500101.html
"UCC法式深焙濾掛式咖啡(新舊包裝, 以實際出貨為準)",176.0,米油沖泡/咖啡．茶包/咖啡/咖啡,8g克 x 12 x 1BOX盒,https://online.carrefour.com.tw//zh/ucc/1431507100101.html
萊雅優媚霜時尚系列-6.17煙燻藍綠,379.0,美妝個清/美妝保養/染髮劑．用品/染髮劑,172ml毫升 x 1 x 1PC盒,https://online.carrefour.com.tw//zh/l%27or%C3%A9al-paris-%E5%B7%B4%E9%BB%8E%E8%90%8A%E9%9B%85/1200514900101.html
美吾髮純萃植感茶樹控油淨化洗髮精,299.0,美妝個清/個人清潔/洗護造型/洗髮精,500ml毫升 x 1 x 1PC瓶,https://online.carrefour.com.tw//zh/%E7%BE%8E%E5%90%BE%E9%AB%AE/1200030900201.html
KAKA醬燒小卷脆片-勁烤原味,99.0,飲料零食/精選餅乾/鹹餅乾/點心零食,80g克 x 1 x 1Bag包,https://online.carrefour.com.tw//zh/kaka/1401015100101.html
萊雅優媚霜時尚系列-6.73亞麻灰棕,379.0,美妝個清/美妝保養/染髮劑．用品/染髮劑,172ml毫升 x 1 x 1PC盒,https://online.carrefour.com.tw//zh/l%27or%C3%A9al-paris-%E5%B7%B4%E9%BB%8E%E8%90%8A%E9%9B%85/1200514600101.html
Farcent香水胺基酸沐浴露-沐光森林,349.0,美妝個清/個人清潔/沐浴用品/沐浴乳,780g克 x 1 x 1PC瓶,https://online.carrefour.com.tw//zh/farcent%E8%8A%B1%E4%BB%99%E5%AD%90/1201150200101.html
金氏韓式結頭菜(每瓶約600g),299.0,生鮮冷凍/奶蛋點心食品/甜點小菜．冷盤,600g克 x 1 x 1Can罐,https://online.carrefour.com.tw//zh/%E9%87%91%E6%B0%8F/1513010900101.html
蘇菲超熟睡草本抑菌超薄35cm11片,145.0,美妝個清/女性衛生/衛生棉/夜用,11PC片 x 1 x 1PACK包,https://online.carrefour.com.tw//zh/%E8%98%87%E8%8F%B2/1212316500101.html
巴黎萊雅優媚霜三重護髮雙管染髮霜-3深棕,379.0,美妝個清/美妝保養/染髮劑．用品/染髮劑,148ml毫升 x 1 x 1PC盒,https://online.carrefour.com.tw//zh/%E5%B7%B4%E9%BB%8E%E8%90%8A%E9%9B%85/1200510700101.html
雀巢金牌咖啡重焙拿鐵三合一,398.0,米油沖泡/咖啡．茶包/咖啡/咖啡隨身包,20g克 x 30 x 1BOX盒,https://online.carrefour.com.tw//zh/%E9%9B%80%E5%B7%A2/1431102000101.html
白蘭陽光馨香超濃縮洗衣球,198.0,日用生活/家庭清潔 殺蟲/洗衣精 洗衣球,270g克 x 1 x 1Bag包,https://online.carrefour.com.tw//zh/%E7%99%BD%E8%98%AD/1110588800101.html
Farcent香水胺基酸沐浴露-癮誘粉漾,349.0,美妝個清/個人清潔/沐浴用品/沐浴乳,780g克 x 1 x 1PC瓶,https://online.carrefour.com.tw//zh/farcent%E8%8A%B1%E4%BB%99%E5%AD%90/1201121400101.html
靠得住私密平衡護墊(14.5cm)26PCx2,159.0,美妝個清/女性衛生/衛生棉/護墊,26PC片 x 2 x 1PC包,https://online.carrefour.com.tw//zh/%E9%9D%A0%E5%BE%97%E4%BD%8F/1212002000101.html
貝納頌二合一經典拿鐵(無添加糖),398.0,米油沖泡/咖啡．茶包/咖啡/咖啡隨身包,13g克 x 25 x 1BOX盒,https://online.carrefour.com.tw//zh/%E8%B2%9D%E7%B4%8D%E9%A0%8C/1431109800101.html
巴黎萊雅優媚霜三重護髮雙管染髮霜-4.26紫紅棕色,379.0,美妝個清/美妝保養/染髮劑．用品/染髮劑,148ml毫升 x 1 x 1PC盒,https://online.carrefour.com.tw//zh/%E5%B7%B4%E9%BB%8E%E8%90%8A%E9%9B%85/1200510700401.html
棕欖香皂,148.0,美妝個清/個人清潔/沐浴用品/進口香皂．抗菌香皂．潔手乳,115g克 x 1 x 6PC個,https://online.carrefour.com.tw//zh/%E6%A3%95%E6%AC%96palmolive/1201002300106.html
得意的一天什錦豬肉高湯粥350g,140.0,米油沖泡/調味．罐頭湯品．南北貨/杯湯．速食袋湯/粥品,350g克 x 1 x 1Bag袋,https://online.carrefour.com.tw//zh/%E5%BE%97%E6%84%8F%E7%9A%84%E4%B8%80%E5%A4%A9/1452404900101.html
森田藥粧積雪草肌活緊妍深層卸妝棉48PC,148.0,美妝個清/美妝保養/彩妝．護唇膏/化妝棉．配件,48PC片 x 1 x 1PC包,https://online.carrefour.com.tw//zh/%E6%A3%AE%E7%94%B0%E8%97%A5%E7%B2%A7/1203406300101.html
歐特滿分優果有機鹽焗堅果,200.0,飲料零食/休閒零食/堅果類/堅果,80g克 x 1 x 1PC包,https://online.carrefour.com.tw//zh/%E6%AD%90%E7%89%B9oter/1424313200101.html
【限量】華齊堂金絲燕窩晶露(蜂王乳添加)禮盒,990.0,飲料零食/果汁．養生/保健養生/雞精．四物飲．燕窩,60ml毫升 x 10 x 1BOX盒,https://online.carrefour.com.tw//zh/%E8%8F%AF%E9%BD%8A%E5%A0%82/1090401100101.html
白蘭小蘇打廚房清潔劑 綠茶薄荷噴槍瓶480G,116.0,日用生活/家庭清潔 殺蟲/家用清潔/廚房清潔,480g克 x 1 x 1Bottle瓶,https://online.carrefour.com.tw//zh/%E7%99%BD%E8%98%AD/1102104800101.html
麥斯威爾新精選咖啡,395.0,米油沖泡/咖啡．茶包/咖啡/即溶咖啡,170g克 x 1 x 1Bottle瓶,https://online.carrefour.com.tw//zh/%E9%BA%A5%E6%96%AF%E5%A8%81%E7%88%BE/1431202500101.html
歐特有機紫麥植物纖穀奶 430g,498.0,米油沖泡/沖泡飲品．食品/沖泡飲品/有機食品,430g克 x 1 x 1CAN罐,https://online.carrefour.com.tw//zh/%E6%AD%90%E7%89%B9/1436423000101.html
【限量】3M五鉤加值包,195.0,日用生活/衛浴用品/衛浴收納．整理,1PC卡 x 1 x 1PC卡,https://online.carrefour.com.tw//zh/3m/3170701400101.html
GJL LLUL10 高速快充傳輸線UL-1M,479.0,熱門3C/手機．通訊．週邊/充電傳輸線,1Set台 x 1 x 1Set台,https://online.carrefour.com.tw//zh/gjl%E6%A5%B5%E5%8A%9B/4260302500201.html
巴黎萊雅優媚霜三重護髮雙管染髮霜-4自然棕,379.0,美妝個清/美妝保養/染髮劑．用品/染髮劑,148ml毫升 x 1 x 1PC盒,https://online.carrefour.com.tw//zh/%E5%B7%B4%E9%BB%8E%E8%90%8A%E9%9B%85/1200510700501.html
歐特滿分優果無調味有機核桃,200.0,飲料零食/休閒零食/堅果類/堅果,80g克 x 1 x 1PC包,https://online.carrefour.com.tw//zh/%E6%AD%90%E7%89%B9oter/1424308900101.html
倍潔雅好韌真3層抽取式PEFC,590.0,日用生活/衛生紙/抽取式．平板．滾筒/抽取,100PC抽 x 24 x 1PC包,https://online.carrefour.com.tw//zh/%E5%80%8D%E6%BD%94%E9%9B%85/1220102800101.html
萊雅優媚霜時尚系列-7.35冷培茶棕,379.0,美妝個清/美妝保養/染髮劑．用品/染髮劑,172ml毫升 x 1 x 1PC盒,https://online.carrefour.com.tw//zh/l%27or%C3%A9al-paris-%E5%B7%B4%E9%BB%8E%E8%90%8A%E9%9B%85/1200515100101.html
立體造型衣架/6入-深藍,169.0,日用生活/家庭清潔 殺蟲/衣物洗晾收納/洗衣．晾衣用具,1Set組 x 1 x 1SET組,https://online.carrefour.com.tw//zh/%E7%94%9F%E6%B4%BB%E5%A4%A7%E5%B8%AB/3162190900101.html
家樂福精選鹽之花焦糖牛奶巧克力,89.0,飲料零食/糖果．巧克力．口香糖/巧克力/純巧克力,100g克 x 1 x 1BOX箱,https://online.carrefour.com.tw//zh/%E5%AE%B6%E6%A8%82%E7%A6%8F/1423308000101.html
蘇菲極淨肌草本抑菌超薄23cm小蒼蘭香,145.0,美妝個清/女性衛生/衛生棉/日用標準,18PC片 x 1 x 1PC包,https://online.carrefour.com.tw//zh/%E8%98%87%E8%8F%B2/1212110400101.html
歐羅 有機特級初榨橄欖油 500ml,398.0,米油沖泡/米．食用油/食用油/橄欖油,500ml毫升 x 1 x 1BOTTLE瓶,https://online.carrefour.com.tw//zh/%E6%AD%90%E7%BE%85/1461216600101.html
SUPER超級皇家伯爵奶茶30g X12,229.0,米油沖泡/咖啡．茶包/茶包/即溶茶,30g克 x 12 x 1Bag包,https://online.carrefour.com.tw//zh/super/1430300300101.html
日本UNITIKA超細纖維枕,499.0,傢俱寢飾/寢具/枕頭．枕套,1PC個 x 1 x 1PC個,https://online.carrefour.com.tw//zh/6503312200101.html
歐特有機全豆豆漿粉-零添加糖 350g,598.0,米油沖泡/沖泡飲品．食品/沖泡飲品/有機食品,350g克 x 1 x 1CAN罐,https://online.carrefour.com.tw//zh/%E6%AD%90%E7%89%B9/1436422900101.html
BOSS 4開3插3P高溫斷電USB 3.1A延長線1.5米,799.0,日用生活/居家修繕/延長線/三孔,1PC個 x 1 x 1PC個,https://online.carrefour.com.tw//zh/boss/3007106200101.html
UCC冠軍監修濾掛式咖啡-蜜漬醇香10gx10,228.0,米油沖泡/咖啡．茶包/咖啡/咖啡,10g克 x 10 x 1Bag包,https://online.carrefour.com.tw//zh/ucc/1431506300101.html
pet story超凝淨球砂清新馬鞭草3.6KG,188.0,休閒娛樂/寵物用品/寵物美容．清潔,1PC個 x 1 x 1PC個,https://online.carrefour.com.tw//zh/pet-story/3451101500101.html
"水晶肥皂抗菌防霉防洗衣液體皂漫步森林*限量包裝,恕不指定(以實際出貨為主)",199.0,日用生活/家庭清潔 殺蟲/洗衣精 洗衣球,800g克 x 1 x 1PC包,https://online.carrefour.com.tw//zh/%E5%8D%97%E5%83%91/1110306300101.html
蘇菲清新涼感微涼小黃瓜29cm12片,146.0,美妝個清/女性衛生/衛生棉/夜用,12PC包 x 1 x 1PC包,https://online.carrefour.com.tw//zh/%E8%98%87%E8%8F%B2/1212393200101.html
舒潔舒涼冰巾18抽,98.0,日用生活/衛生紙/面紙．濕紙巾/濕紙巾,18PC片 x 1 x 1PC包,https://online.carrefour.com.tw//zh/%E8%88%92%E6%BD%94/1221299900101.html
Farcent香水胺基酸沐浴露-小蒼蘭780g,349.0,美妝個清/個人清潔/沐浴用品/沐浴乳,780g克 x 1 x 1PC瓶,https://online.carrefour.com.tw//zh/farcent%E8%8A%B1%E4%BB%99%E5%AD%90/1201146600101.html
麥斯威爾精選咖啡環保包,329.0,米油沖泡/咖啡．茶包/咖啡/即溶咖啡,150g克 x 1 x 1Pack包,https://online.carrefour.com.tw//zh/%E9%BA%A5%E6%96%AF%E5%A8%81%E7%88%BE/1431202600101.html
綠生活環保竹炭纖維枕,499.0,傢俱寢飾/寢具/枕頭．枕套,1PC個 x 1 x 1PC個,https://online.carrefour.com.tw//zh/6503312300101.html
天地合補EXX水亮膠原美顏飲盒裝6包,569.0,飲料零食/果汁．養生/保健養生/雞精．四物飲．燕窩,30ml毫升 x 1 x 1BOX盒,https://online.carrefour.com.tw//zh/%E6%A1%82%E6%A0%BC/1002324100101.html
Farcent香水胺基酸沐浴露-絲滑白麝香780g,349.0,美妝個清/個人清潔/沐浴用品/沐浴乳,780g克 x 1 x 1PC瓶,https://online.carrefour.com.tw//zh/farcent%E8%8A%B1%E4%BB%99%E5%AD%90/1201113300101.html
美吾髮純萃植感薑根強健養髮洗髮精,299.0,美妝個清/個人清潔/洗護造型/洗髮精,500ml毫升 x 1 x 1PC瓶,https://online.carrefour.com.tw//zh/%E7%BE%8E%E5%90%BE%E9%AB%AE/1200030300201.html
楓康多用途強效菜瓜布,63.0,日用生活/家庭清潔 殺蟲/清潔工具/衛浴清潔工具,1PC個 x 1 x 1PC個,https://online.carrefour.com.tw//zh/%E6%A5%93%E5%BA%B7/3153323200101.html
Farcent香水胺基酸沐浴露-蔚藍愛語,349.0,美妝個清/個人清潔/沐浴用品/沐浴乳,780g克 x 1 x 1PC瓶,https://online.carrefour.com.tw//zh/farcent%E8%8A%B1%E4%BB%99%E5%AD%90/1201112100101.html
肌研暗沉對策洗顏乳100g,199.0,美妝個清/個人清潔/卸妝洗顏/洗面乳．卸妝乳,100g克 x 1 x 1BOTTLE瓶,https://online.carrefour.com.tw//zh/%E8%82%8C%E7%A0%94/1202016100101.html
巴黎萊雅優媚霜三重護髮染髮霜-4.35暖栗棕,379.0,美妝個清/美妝保養/染髮劑．用品/染髮劑,172ml毫升 x 1 x 1PC盒,https://online.carrefour.com.tw//zh/%E5%B7%B4%E9%BB%8E%E8%90%8A%E9%9B%85/1200510800501.html
巴黎萊雅優媚霜三重護髮染髮霜-5淺棕,379.0,美妝個清/美妝保養/染髮劑．用品/染髮劑,172ml毫升 x 1 x 1PC盒,https://online.carrefour.com.tw//zh/%E5%B7%B4%E9%BB%8E%E8%90%8A%E9%9B%85/1200510800701.html
E7CUP-冬夜特選咖啡豆400g,378.0,米油沖泡/咖啡．茶包/咖啡/咖啡粉/咖啡豆,400g克 x 1 x 1Bag包,https://online.carrefour.com.tw//zh/e7-cup/1431008500101.html
GJL LPUC15 快充充電線UC-1.5M,299.0,熱門3C/手機．通訊．週邊/充電傳輸線,1Set台 x 1 x 1Set台,https://online.carrefour.com.tw//zh/gjl%E6%A5%B5%E5%8A%9B/4260304300101.html
UCC冠軍監修醇厚香韻濾掛式咖啡10gx10,228.0,米油沖泡/咖啡．茶包/咖啡/咖啡,10g克 x 10 x 1Box盒,https://online.carrefour.com.tw//zh/ucc/1431501900101.html
依格閣嚴選有機特級橄欖油,598.0,米油沖泡/米．食用油/食用油/橄欖油,500ml毫升 x 1 x 1Bottle瓶,https://online.carrefour.com.tw//zh/%E4%BE%9D%E6%A0%BC%E9%96%A3/1461297500101.html
【限量】華齊堂雪蛤燕窩飲禮盒75mlx9,1280.0,飲料零食/果汁．養生/保健養生/雞精．四物飲．燕窩,1Box盒 x 1 x 1BOX盒,https://online.carrefour.com.tw//zh/%E8%8F%AF%E9%BD%8A%E5%A0%82/1090402700101.html
嚴選歐風家居拖鞋-粉色38/39,249.0,服飾鞋包/拖鞋/室內拖鞋,1Pair雙 x 1 x 1Pair雙,https://online.carrefour.com.tw//zh/6001304300201.html
田野市有機黑木耳,79.0,飲料零食/果汁．養生/保健養生/雞精．四物飲．燕窩,280ml毫升 x 1 x 1CAN罐,https://online.carrefour.com.tw//zh/%E7%94%B0%E9%87%8E%E5%B8%82/1002309700101.html
Farcent香水沐浴露-雪松琥珀780g,349.0,美妝個清/個人清潔/沐浴用品/沐浴乳,780g克 x 1 x 1BOTTLE瓶,https://online.carrefour.com.tw//zh/farcent%E8%8A%B1%E4%BB%99%E5%AD%90/1201116000101.html
Farcent香水沐浴露-冷杉麝香780g,349.0,美妝個清/個人清潔/沐浴用品/沐浴乳,780g克 x 1 x 1BOTTLE瓶,https://online.carrefour.com.tw//zh/farcent%E8%8A%B1%E4%BB%99%E5%AD%90/1201107800101.html
無塵氏超立體靜電除塵紙(雲朵花紋),189.0,日用生活/家庭清潔 殺蟲/清潔工具/打掃除塵工具/靜電紙,1Set組 x 1 x 1SET組,https://online.carrefour.com.tw//zh/%E7%84%A1%E5%A1%B5%E6%B0%8F/3156705000101.html
萊雅優媚霜時尚系列-6.13奶茶棕,379.0,美妝個清/美妝保養/染髮劑．用品/染髮劑,172ml毫升 x 1 x 1PC盒,https://online.carrefour.com.tw//zh/l%27or%C3%A9al-paris-%E5%B7%B4%E9%BB%8E%E8%90%8A%E9%9B%85/1200514700101.html
得意易手抽抽取式廚房紙巾,142.0,日用生活/衛生紙/廚房紙巾/廚房紙巾,100PC抽 x 3 x 1PC包,https://online.carrefour.com.tw//zh/%E5%BE%97%E6%84%8F/1222002000101.html
UCC冠軍監修甘醇橙香咖啡豆,228.0,米油沖泡/咖啡．茶包/咖啡/咖啡粉/咖啡豆,225g克 x 1 x 1Bag包,https://online.carrefour.com.tw//zh/ucc/1431020400101.html
瑪伊娜嚴選冷壓特級橄欖油,398.0,米油沖泡/米．食用油/食用油/橄欖油,500ml毫升 x 1 x 1BOTTLE瓶,https://online.carrefour.com.tw//zh/1461204000101.html
歐特有機紅藜穀飲(罐)450g,498.0,米油沖泡/沖泡飲品．食品/沖泡飲品/有機食品,450g克 x 1 x 1CAN罐,https://online.carrefour.com.tw//zh/%E6%AD%90%E7%89%B9/1436419800101.html
UCC冠軍監修⽢醇橙香濾掛式咖啡10gx10,228.0,米油沖泡/咖啡．茶包/咖啡/咖啡,10g克 x 10 x 1Box盒,https://online.carrefour.com.tw//zh/ucc/1431501800101.html
倍潔雅好韌真Plus3層抽取茶樹精油抑菌,590.0,日用生活/衛生紙/抽取式．平板．滾筒/抽取,100PC抽 x 20 x 1PC包,https://online.carrefour.com.tw//zh/%E5%80%8D%E6%BD%94%E9%9B%85/1220105400101.html
嚴選歐風家居拖鞋-深藍色40/41,249.0,服飾鞋包/拖鞋/室內拖鞋,1Pair雙 x 1 x 1Pair雙,https://online.carrefour.com.tw//zh/6001304300701.html
文青風Pro可堆疊一格櫃-淺木紋,258.0,傢俱寢飾/傢俱,1PC個 x 1 x 1PC個,https://online.carrefour.com.tw//zh/3182108200101.html
清淨海環保洗衣粉,190.0,日用生活/家庭清潔 殺蟲/洗衣粉．皂,1.5Kg公斤 x 1 x 1Box盒,https://online.carrefour.com.tw//zh/%E6%B8%85%E6%B7%A8%E6%B5%B7/1110101400101.html
東和好媽媽無添加水煮鮪魚130g,198.0,米油沖泡/調味．罐頭湯品．南北貨/罐頭/鮪魚,130g克 x 1 x 3Set組,https://online.carrefour.com.tw//zh/%E6%9D%B1%E5%92%8C%E5%A5%BD%E5%AA%BD%E5%AA%BD/1483007200103.html
H&K家居軟式珪藻土地墊(花色隨機出貨),399.0,日用生活/家庭清潔 殺蟲/清潔工具/打掃除塵工具,1Box盒 x 1 x 1BOX盒,https://online.carrefour.com.tw//zh/handk/3158203900101.html
維義頭等100%純油(高溫適用)2.6L,499.0,米油沖泡/米．食用油/食用油/蔬菜油,2.6L公升 x 1 x 1Bottle瓶,https://online.carrefour.com.tw//zh/%E7%B6%AD%E7%BE%A9/1461396100101.html
HK家居摺疊曬衣架52夾,299.0,日用生活/家庭清潔 殺蟲/衣物洗晾收納/洗衣．晾衣用具,1PC個 x 1 x 1PC個,https://online.carrefour.com.tw//zh/handk%E5%AE%B6%E5%B1%85/3161104700101.html
好室喵彩虹寶盒下掀式整理箱39L-透明藍,500.0,傢俱寢飾/收納整理/其他收納用品,1PC個 x 1 x 1PC個,https://online.carrefour.com.tw//zh/%E5%A5%BD%E5%AE%A4%E5%96%B5/3167500800101.html
嚴選歐風家居拖鞋-灰色44/45,249.0,服飾鞋包/拖鞋/室內拖鞋,1Pair雙 x 1 x 1Pair雙,https://online.carrefour.com.tw//zh/6001304301201.html
伴天下醬人-麻辣燙風味醬,129.0,米油沖泡/調味．罐頭湯品．南北貨/罐頭/其它蔬菜,130g克 x 1 x 1Bottle瓶,https://online.carrefour.com.tw//zh/%E4%BC%B4%E5%A4%A9%E4%B8%8B%E9%86%AC%E4%BA%BA/1482228600101.html
活氧酵素去漬霸,99.0,日用生活/家庭清潔 殺蟲/清潔工具/衛浴清潔工具,1PC個 x 1 x 1PC個,https://online.carrefour.com.tw//zh/handk%E5%AE%B6%E5%B1%85/3153326500101.html
皇家穀堡蘭陽生態琵鷺芋香米2kg,298.0,米油沖泡/米．食用油/米/米,2Kg公斤 x 1 x 1Bag袋,https://online.carrefour.com.tw//zh/%E7%9A%87%E5%AE%B6%E7%A9%80%E5%A0%A1/1451018800101.html
UCC冠軍監修醇厚香韻咖啡豆 225g,228.0,米油沖泡/咖啡．茶包/咖啡/咖啡粉/咖啡豆,225g克 x 1 x 1Bag包,https://online.carrefour.com.tw//zh/ucc/1431005700101.html
KIYODO絲登麗316不鏽鋼筷5雙入,398.0,日用生活/餐廚用品/杯盤餐具/筷子湯匙,1PC個 x 1 x 1PC個,https://online.carrefour.com.tw//zh/kiyodo/3117506600101.html
蓓莉上開收納箱-藍色,288.0,傢俱寢飾/收納整理/防塵套．防護墊,1PC件 x 1 x 1PC件,https://online.carrefour.com.tw//zh/3183901300301.html
麥斯威爾Maxim典藏咖啡補充包,395.0,米油沖泡/咖啡．茶包/咖啡/即溶咖啡,140g克 x 1 x 1Pack包,https://online.carrefour.com.tw//zh/maxim/1431203500101.html
毛絨絨吸水止滑地墊40x60cm-米色,299.0,日用生活/家庭清潔 殺蟲/清潔工具/打掃除塵工具,1PC個 x 1 x 1PC個,https://online.carrefour.com.tw//zh/3158614000101.html
HK家居夏特爾記憶吸水地墊(顏色隨機出貨),299.0,日用生活/家庭清潔 殺蟲/清潔工具/打掃除塵工具,1PC個 x 1 x 1PC個,https://online.carrefour.com.tw//zh/handk/3158403900101.html
伴天下醬人-獄激辛泡菜風味醬,129.0,米油沖泡/調味．罐頭湯品．南北貨/罐頭/其它蔬菜,130g克 x 1 x 1Bottle瓶,https://online.carrefour.com.tw//zh/%E4%BC%B4%E5%A4%A9%E4%B8%8B%E9%86%AC%E4%BA%BA/1482228500101.html
GJL LLUC10 高速快充傳輸線UC-1M,249.0,熱門3C/手機．通訊．週邊/充電傳輸線,1Set台 x 1 x 1Set台,https://online.carrefour.com.tw//zh/gjl%E6%A5%B5%E5%8A%9B/4260301800101.html
中興履歷無洗米1.5Kg,198.0,米油沖泡/米．食用油/米/米,1.5Kg公斤 x 1 x 1Bag包,https://online.carrefour.com.tw//zh/%E4%B8%AD%E8%88%88%E7%B1%B3/1451021200101.html
西雅圖極品深焙濾掛咖啡-特調綜合8gx10,188.0,米油沖泡/咖啡．茶包/咖啡/咖啡隨身包,8g克 x 10 x 1Box盒,https://online.carrefour.com.tw//zh/%E8%A5%BF%E9%9B%85%E5%9C%96/1431120400101.html
Keyway星空美好衣架6入,165.0,日用生活/家庭清潔 殺蟲/衣物洗晾收納/洗衣．晾衣用具,1PC個 x 1 x 1PC個,https://online.carrefour.com.tw//zh/keyway/3162191300101.html
皂福 天然洗衣皂精-無香精補充包,138.0,日用生活/家庭清潔 殺蟲/洗衣精 洗衣球,1800g克 x 1 x 1Bag包,https://online.carrefour.com.tw//zh/%E7%9A%82%E7%A6%8F/1110341100101.html
皂福洗衣皂精補充包-2000g,138.0,日用生活/家庭清潔 殺蟲/洗衣精 洗衣球,2000g克 x 1 x 1Pack包,https://online.carrefour.com.tw//zh/%E7%9A%82%E7%A6%8F/1110315700101.html
Keyway行家抽屜整理箱65L,699.0,傢俱寢飾/收納整理/大型收納箱,1PC個 x 1 x 1PC個,https://online.carrefour.com.tw//zh/keyway/3166310600101.html
UCC冠軍監修蜜漬醇香咖啡豆,228.0,米油沖泡/咖啡．茶包/咖啡/咖啡粉/咖啡豆,225g克 x 1 x 1Bag包,https://online.carrefour.com.tw//zh/ucc/1431021800101.html
GJL LLUC20 高速快充傳輸線UC-2M,329.0,熱門3C/手機．通訊．週邊/充電傳輸線,1Set台 x 1 x 1Set台,https://online.carrefour.com.tw//zh/gjl%E6%A5%B5%E5%8A%9B/4260302100101.html
Keyway掀掀前開式整理箱38L -藍色,399.0,傢俱寢飾/收納整理/其他收納用品,1PC個 x 1 x 1PC個,https://online.carrefour.com.tw//zh/keyway/3167502500201.html
卡斯達銀離子枕,499.0,傢俱寢飾/寢具/枕頭．枕套,1PC個 x 1 x 1PC個,https://online.carrefour.com.tw//zh/6503312100101.html
高透氣防蹣抗菌竹炭枕,499.0,傢俱寢飾/寢具/枕頭．枕套,1PC個 x 1 x 1PC個,https://online.carrefour.com.tw//zh/6503311900101.html
E7CUP-春櫻特選咖啡豆400g,378.0,米油沖泡/咖啡．茶包/咖啡/咖啡粉/咖啡豆,400g克 x 1 x 1Bag包,https://online.carrefour.com.tw//zh/e7-cup/1431005300101.html
好室喵彩虹寶盒下掀式整理箱39L-透明洋紅,500.0,傢俱寢飾/收納整理/其他收納用品,1PC個 x 1 x 1PC個,https://online.carrefour.com.tw//zh/%E5%A5%BD%E5%AE%A4%E5%96%B5/3167500800501.html
Farcent香水胺基酸沐浴露-金漾玫瑰,349.0,美妝個清/個人清潔/沐浴用品/沐浴乳,780g克 x 1 x 1PC瓶,https://online.carrefour.com.tw//zh/farcent%E8%8A%B1%E4%BB%99%E5%AD%90/1201122500101.html
Farcent香水胺基酸沐浴露-海洋微風,349.0,美妝個清/個人清潔/沐浴用品/沐浴乳,780g克 x 1 x 1PC瓶,https://online.carrefour.com.tw//zh/farcent%E8%8A%B1%E4%BB%99%E5%AD%90/1201151100101.html
得意的一天 韓式泡菜牛肉高湯粥 350g,140.0,米油沖泡/調味．罐頭湯品．南北貨/杯湯．速食袋湯/粥品,350g克 x 1 x 1Bag袋,https://online.carrefour.com.tw//zh/%E6%A1%82%E6%A0%BC/1452405200101.html
伴天下干飯王-藤椒啪啪辣脆醬,129.0,米油沖泡/調味．罐頭湯品．南北貨/罐頭/其它蔬菜,125g克 x 1 x 1Bottle瓶,https://online.carrefour.com.tw//zh/%E4%BC%B4%E5%A4%A9%E4%B8%8B%E5%B9%B2%E9%A3%AF%E7%8E%8B/1482229800101.html
西雅圖極品深焙三合一咖啡23gx15,188.0,米油沖泡/咖啡．茶包/咖啡/咖啡隨身包,23g克 x 15 x 1Box盒,https://online.carrefour.com.tw//zh/%E8%A5%BF%E9%9B%85%E5%9C%96/1431116100101.html
家樂福精選芒果花椒黑巧克力,89.0,飲料零食/糖果．巧克力．口香糖/巧克力/純巧克力,100g克 x 1 x 1BOX箱,https://online.carrefour.com.tw//zh/%E5%AE%B6%E6%A8%82%E7%A6%8F/1423306000101.html
花田收納櫃四層-無輪-粉色,1299.0,休閒娛樂/銅板商品 �,1PC個 x 1 x 1PC個,https://online.carrefour.com.tw//zh/%E5%A5%BD%E5%AE%A4%E5%96%B5/3166500100201.html
巴黎萊雅優媚霜三重護髮雙管染髮霜-6.35琥珀棕,379.0,美妝個清/美妝保養/染髮劑．用品/染髮劑,148ml毫升 x 1 x 1PC盒,https://online.carrefour.com.tw//zh/%E5%B7%B4%E9%BB%8E%E8%90%8A%E9%9B%85/1200510700201.html
歐特有機杏仁飲-零添加糖 400g,598.0,米油沖泡/沖泡飲品．食品/沖泡飲品/有機食品,400g克 x 1 x 1CAN罐,https://online.carrefour.com.tw//zh/%E6%AD%90%E7%89%B9/1436421600101.html
泡泡糖五層收納櫃-無輪,1599.0,傢俱寢飾/收納整理/收納櫃類/五層整理櫃,1PC個 x 1 x 1PC個,https://online.carrefour.com.tw//zh/%E5%A5%BD%E5%AE%A4%E5%96%B5/3166605100201.html
萊雅優媚霜時尚系列-5.6楓糖紅棕,379.0,美妝個清/美妝保養/染髮劑．用品/染髮劑,172ml毫升 x 1 x 1PC盒,https://online.carrefour.com.tw//zh/l%27or%C3%A9al-paris-%E5%B7%B4%E9%BB%8E%E8%90%8A%E9%9B%85/1200514400101.html
E7CUP-夏韻特選咖啡豆400g,378.0,米油沖泡/咖啡．茶包/咖啡/咖啡粉/咖啡豆,400g克 x 1 x 1Bag包,https://online.carrefour.com.tw//zh/e7-cup/1431006800101.html
嚴選歐風家居拖鞋-水藍色38/39,249.0,服飾鞋包/拖鞋/室內拖鞋,1Pair雙 x 1 x 1Pair雙,https://online.carrefour.com.tw//zh/6001304300501.html
西雅圖極品深焙濾掛咖啡-家常綜合8gx10,188.0,米油沖泡/咖啡．茶包/咖啡/咖啡隨身包,8g克 x 10 x 1Box盒,https://online.carrefour.com.tw//zh/%E8%A5%BF%E9%9B%85%E5%9C%96/1431120300101.html
巴黎萊雅優媚霜三重護髮染髮霜-4自然棕,379.0,美妝個清/美妝保養/染髮劑．用品/染髮劑,172ml毫升 x 1 x 1PC盒,https://online.carrefour.com.tw//zh/%E5%B7%B4%E9%BB%8E%E8%90%8A%E9%9B%85/1200510800301.html
特福巴洛克30CM不沾平底鍋,1280.0,日用生活/烹調鍋具．燒水壺/平底鍋/不沾鍋,1PC個 x 1 x 1PC個,https://online.carrefour.com.tw//zh/tefal-%E7%89%B9%E7%A6%8F/3130207900101.html
巴黎萊雅優媚霜三重護髮雙管染髮霜-5.35淺暖栗棕,379.0,美妝個清/美妝保養/染髮劑．用品/染髮劑,148ml毫升 x 1 x 1PC盒,https://online.carrefour.com.tw//zh/%E5%B7%B4%E9%BB%8E%E8%90%8A%E9%9B%85/1200510700701.html
【限量】華齊堂楓糖金絲燕窩禮盒75mlx9,1680.0,飲料零食/果汁．養生/保健養生/雞精．四物飲．燕窩,1Box盒 x 1 x 1BOX盒,https://online.carrefour.com.tw//zh/%E8%8F%AF%E9%BD%8A%E5%A0%82/1090400600101.html
奧莉恩特級初榨橄欖油750ml,620.0,米油沖泡/米．食用油/食用油/橄欖油,750ml毫升 x 1 x 1Bottle瓶,https://online.carrefour.com.tw//zh/1461208800101.html
大珍珠65L置物箱-粉,699.0,傢俱寢飾/收納整理/大型收納箱,1PC個 x 1 x 1PC個,https://online.carrefour.com.tw//zh/%E5%A5%BD%E5%AE%A4%E5%96%B5/3166308700401.html
GJL LLUC20 高速快充傳輸線UC-2M,329.0,熱門3C/手機．通訊．週邊/充電傳輸線,1Set台 x 1 x 1Set台,https://online.carrefour.com.tw//zh/gjl%E6%A5%B5%E5%8A%9B/4260302100201.html
花田收納櫃四層-無輪-藍色,1299.0,休閒娛樂/銅板商品 �,1PC個 x 1 x 1PC個,https://online.carrefour.com.tw//zh/%E5%A5%BD%E5%AE%A4%E5%96%B5/3166500100101.html
巴黎萊雅優媚霜三重護髮染髮霜-3深棕,379.0,美妝個清/美妝保養/染髮劑．用品/染髮劑,172ml毫升 x 1 x 1PC盒,https://online.carrefour.com.tw//zh/%E5%B7%B4%E9%BB%8E%E8%90%8A%E9%9B%85/1200510800201.html
HK家居和風櫸木圓桿褲裙架3入組-黑,299.0,日用生活/家庭清潔 殺蟲/衣物洗晾收納/洗衣．晾衣用具,1Set組 x 1 x 1SET組,https://online.carrefour.com.tw//zh/3162001600101.html
大珍珠65L置物箱-深咖,699.0,傢俱寢飾/收納整理/大型收納箱,1PC個 x 1 x 1PC個,https://online.carrefour.com.tw//zh/%E5%A5%BD%E5%AE%A4%E5%96%B5/3166308700101.html
歐特有機黑芝麻糊(罐)450g,498.0,米油沖泡/沖泡飲品．食品/沖泡飲品/有機食品,450g克 x 1 x 1CAN罐,https://online.carrefour.com.tw//zh/%E6%AD%90%E7%89%B9oter/1436419700101.html
OP茶酚淨洗潔精-檸檬茶萃,266.0,日用生活/家庭清潔 殺蟲/洗碗精,1000g克 x 1 x 1BOTTLE瓶,https://online.carrefour.com.tw//zh/op/1105015000101.html
GJL LPUL15 快充充線線UL-1.5M,299.0,熱門3C/手機．通訊．週邊/充電傳輸線,1Set台 x 1 x 1Set台,https://online.carrefour.com.tw//zh/gjl%E6%A5%B5%E5%8A%9B/4260304100101.html
嚴選歐風家居拖鞋-深藍色44/45,249.0,服飾鞋包/拖鞋/室內拖鞋,1Pair雙 x 1 x 1Pair雙,https://online.carrefour.com.tw//zh/6001304300901.html
大珍珠65L置物箱-卡其,699.0,傢俱寢飾/收納整理/大型收納箱,1PC個 x 1 x 1PC個,https://online.carrefour.com.tw//zh/%E5%A5%BD%E5%AE%A4%E5%96%B5/3166308700201.html
GJL LLUL20 高速快充傳輸線UL-2M,589.0,熱門3C/手機．通訊．週邊/充電傳輸線,1Set台 x 1 x 1Set台,https://online.carrefour.com.tw//zh/gjl%E6%A5%B5%E5%8A%9B/4260303200201.html
好室喵彩虹寶盒下掀式整理箱39L-透明綠,500.0,傢俱寢飾/收納整理/其他收納用品,1PC個 x 1 x 1PC個,https://online.carrefour.com.tw//zh/%E5%A5%BD%E5%AE%A4%E5%96%B5/3167500800201.html
伯朗嚐家咖啡豆-榛曦巧郁風味450g,398.0,米油沖泡/咖啡．茶包/咖啡/咖啡粉/咖啡豆,450g克 x 1 x 1Bag包,https://online.carrefour.com.tw//zh/%E4%BC%AF%E6%9C%97/1431001900101.html
好室喵任意門多功能櫃<白色>,699.0,傢俱寢飾/收納整理/其他收納用品,1PC個 x 1 x 1PC個,https://online.carrefour.com.tw//zh/%E5%A5%BD%E5%AE%A4%E5%96%B5/3167912700301.html
伯朗嚐家咖啡豆-橙光香映風味450g,398.0,米油沖泡/咖啡．茶包/咖啡/咖啡粉/咖啡豆,450g克 x 1 x 1Bag包,https://online.carrefour.com.tw//zh/%E4%BC%AF%E6%9C%97/1431001800101.html
皇家穀堡蘭陽琵鷺生態一等糙米2kg,298.0,米油沖泡/米．食用油/米/胚芽米,2Kg公斤 x 1 x 1Bag袋,https://online.carrefour.com.tw//zh/%E7%9A%87%E5%AE%B6%E7%A9%80%E5%A0%A1/1451112100101.html
嚴選歐風家居拖鞋-灰色42/43,249.0,服飾鞋包/拖鞋/室內拖鞋,1Pair雙 x 1 x 1Pair雙,https://online.carrefour.com.tw//zh/6001304301101.html
GJL LLCC1001 CtoC PD100W閃充傳輸線CC-1M,399.0,熱門3C/手機．通訊．週邊/充電傳輸線,1Set台 x 1 x 1Set台,https://online.carrefour.com.tw//zh/gjl%E6%A5%B5%E5%8A%9B/4260303300101.html
泡泡糖五層收納櫃-無輪,1599.0,傢俱寢飾/收納整理/收納櫃類/五層整理櫃,1PC個 x 1 x 1PC個,https://online.carrefour.com.tw//zh/%E5%A5%BD%E5%AE%A4%E5%96%B5/3166605100101.html
GJL LLCL20 高速快充傳輸線CL-2M,599.0,熱門3C/手機．通訊．週邊/充電傳輸線,1Set台 x 1 x 1Set台,https://online.carrefour.com.tw//zh/gjl%E6%A5%B5%E5%8A%9B/4260302000101.html
好室喵看得見組裝式磁吸側開鞋盒<透明>,500.0,傢俱寢飾/收納整理/其他收納用品,1PC個 x 1 x 1PC個,https://online.carrefour.com.tw//zh/%E5%A5%BD%E5%AE%A4%E5%96%B5/3167912800101.html
GJL LLUC10 高速快充傳輸線UC-1M,249.0,熱門3C/手機．通訊．週邊/充電傳輸線,1Set台 x 1 x 1Set台,https://online.carrefour.com.tw//zh/gjl%E6%A5%B5%E5%8A%9B/4260301800201.html
嚴選歐風家居拖鞋-粉色40/41,249.0,服飾鞋包/拖鞋/室內拖鞋,1Pair雙 x 1 x 1Pair雙,https://online.carrefour.com.tw//zh/6001304300301.html
嚴選歐風家居拖鞋-水藍色40/41,249.0,服飾鞋包/拖鞋/室內拖鞋,1Pair雙 x 1 x 1Pair雙,https://online.carrefour.com.tw//zh/6001304300601.html
Keyway行家抽屜整理箱65L,699.0,傢俱寢飾/收納整理/大型收納箱,1PC個 x 1 x 1PC個,https://online.carrefour.com.tw//zh/keyway/3166310600201.html
嚴選歐風家居拖鞋-灰色40/41,249.0,服飾鞋包/拖鞋/室內拖鞋,1Pair雙 x 1 x 1Pair雙,https://online.carrefour.com.tw//zh/6001304301001.html
嚴選歐風家居拖鞋-深藍色42/43,249.0,服飾鞋包/拖鞋/室內拖鞋,1Pair雙 x 1 x 1Pair雙,https://online.carrefour.com.tw//zh/6001304300801.html
Farcent香水胺基酸沐浴露-真我星夜780g,349.0,美妝個清/個人清潔/沐浴用品/沐浴乳,780g克 x 1 x 1PC瓶,https://online.carrefour.com.tw//zh/farcent%E8%8A%B1%E4%BB%99%E5%AD%90/1201147900101.html
信東紅麴膠囊(健)120粒,1280.0,嬰童保健/營養保健食品/保健食品,120PC粒 x 1 x 1Box盒,https://online.carrefour.com.tw//zh/%E4%BF%A1%E6%9D%B1/1232108200101.html
巴黎萊雅優媚霜三重護髮雙管染髮霜-5淺棕,379.0,美妝個清/美妝保養/染髮劑．用品/染髮劑,148ml毫升 x 1 x 1PC盒,https://online.carrefour.com.tw//zh/%E5%B7%B4%E9%BB%8E%E8%90%8A%E9%9B%85/1200510700601.html
維也納直取式收納箱50L<灰色>,839.0,傢俱寢飾/收納整理/其他收納用品,1PC個 x 1 x 1PC個,https://online.carrefour.com.tw//zh/keyway-%E8%81%AF%E5%BA%9C/3167508600301.html
Keyway百富滑輪整理箱85L-藍,399.0,傢俱寢飾/收納整理/大型收納箱,1PC個 x 1 x 1PC個,https://online.carrefour.com.tw//zh/keyway/3166008300101.html
Keyway掀掀前開式整理箱38L -奶茶色,399.0,傢俱寢飾/收納整理/其他收納用品,1PC個 x 1 x 1PC個,https://online.carrefour.com.tw//zh/keyway-%E8%81%AF%E5%BA%9C/3167502500101.html
Keyway(小)SUV收納提袋-藍色,269.0,傢俱寢飾/收納整理/其他收納用品,1PC個 x 1 x 1PC個,https://online.carrefour.com.tw//zh/keyway/3167913700201.html
E7CUP-秋楓特選咖啡豆400g,378.0,米油沖泡/咖啡．茶包/咖啡/咖啡粉/咖啡豆,400g克 x 1 x 1Bag包,https://online.carrefour.com.tw//zh/e7-cup/1431005500101.html
好室喵彩韻收納櫃三層無輪-粉,1100.0,傢俱寢飾/收納整理/收納櫃類,1PC個 x 1 x 1PC個,https://online.carrefour.com.tw//zh/%E5%A5%BD%E5%AE%A4%E5%96%B5/3166402300201.html
好室喵彩韻收納櫃三層無輪-藍,1100.0,傢俱寢飾/收納整理/收納櫃類,1PC個 x 1 x 1PC個,https://online.carrefour.com.tw//zh/%E5%A5%BD%E5%AE%A4%E5%96%B5/3166402300101.html
GJL LLCC601 CtoC PD60W閃充傳輸線CC-1M(黑色),299.0,熱門3C/手機．通訊．週邊/充電傳輸線,1Set台 x 1 x 1Set台,https://online.carrefour.com.tw//zh/gjl%E6%A5%B5%E5%8A%9B/4260302200101.html
BOSS 按壓式2開2插3P高溫斷電分接插座,299.0,日用生活/居家修繕/居家保護用品/門檔,1PC個 x 1 x 1PC個,https://online.carrefour.com.tw//zh/3008303200101.html
卡拉布妮竹炭枕,499.0,傢俱寢飾/寢具/枕頭．枕套,1PC個 x 1 x 1PC個,https://online.carrefour.com.tw//zh/6503312000101.html
Farcent香水胺基酸洗沐二合一-曠野大地,349.0,美妝個清/個人清潔/沐浴用品/沐浴乳,780g克 x 1 x 1PC瓶,https://online.carrefour.com.tw//zh/farcent%E8%8A%B1%E4%BB%99%E5%AD%90/1201150600101.html
GJL LLCC601 CtoC PD60W閃充傳輸線CC-1M(紅色),299.0,熱門3C/手機．通訊．週邊/充電傳輸線,1Set台 x 1 x 1Set台,https://online.carrefour.com.tw//zh/gjl%E6%A5%B5%E5%8A%9B/4260302200201.html
信東金盞花萃取葉黃素軟膠囊,1290.0,嬰童保健/營養保健食品/葉黃素．維他命,60PC粒 x 1 x 1Box盒,https://online.carrefour.com.tw//zh/%E4%BF%A1%E6%9D%B1/1232601700101.html
好室喵看得見組裝式磁吸側開鞋盒<透明黑>,500.0,傢俱寢飾/收納整理/其他收納用品,1PC個 x 1 x 1PC個,https://online.carrefour.com.tw//zh/%E5%A5%BD%E5%AE%A4%E5%96%B5/3167912800201.html
紫蘿蘭防蹣抗菌水洗枕,499.0,傢俱寢飾/寢具/枕頭．枕套,1PC個 x 1 x 1PC個,https://online.carrefour.com.tw//zh/6503309300101.html
萊雅優媚霜時尚系列-6.41巧克力棕,379.0,美妝個清/美妝保養/染髮劑．用品/染髮劑,172ml毫升 x 1 x 1PC盒,https://online.carrefour.com.tw//zh/l%27or%C3%A9al-paris-%E5%B7%B4%E9%BB%8E%E8%90%8A%E9%9B%85/1200514800101.html
舒潔雪潤柔霜潤澤袖珍面紙7PCx20,98.0,日用生活/衛生紙/面紙．濕紙巾/紙手帕．袖珍面紙,7PC抽 x 20 x 1PC包,https://online.carrefour.com.tw//zh/%E8%88%92%E6%BD%94/1221100800101.html
Keyway(小)SUV收納提袋-綠色,269.0,傢俱寢飾/收納整理/其他收納用品,1PC個 x 1 x 1PC個,https://online.carrefour.com.tw//zh/keyway-%E8%81%AF%E5%BA%9C/3167913700101.html
西雅圖極品深焙二合一咖啡21gx15,188.0,米油沖泡/咖啡．茶包/咖啡/咖啡隨身包,21g克 x 15 x 1Box盒,https://online.carrefour.com.tw//zh/%E8%A5%BF%E9%9B%85%E5%9C%96/1431115800101.html
SORIL不鏽鋼真空馬克杯480ml-奶油白,798.0,日用生活/飲水壺．保溫保冰/保溫瓶．壺/保溫瓶．杯,1PC個 x 1 x 1PC個,https://online.carrefour.com.tw//zh/soril/3141200300401.html
SORIL不鏽鋼真空馬克杯480ml-鐵灰,798.0,日用生活/飲水壺．保溫保冰/保溫瓶．壺/保溫瓶．杯,1PC個 x 1 x 1PC個,https://online.carrefour.com.tw//zh/soril/3141200300101.html
Fenger分隔可微波不鏽鋼保鮮盒850ml,780.0,日用生活/餐廚用品/保鮮容器/保鮮盒/保鮮盒,1PC個 x 1 x 1PC個,https://online.carrefour.com.tw//zh/fenger/3140095400101.html
熊寶貝香水精華柔軟護衣精-典雅玫瑰-700ml,198.0,日用生活/家庭清潔 殺蟲/柔軟冷洗精．漂白劑,700ml毫升 x 1 x 1BOTTLE瓶,https://online.carrefour.com.tw//zh/%E7%86%8A%E5%AF%B6%E8%B2%9D/1111000300101.html
立體造型衣架/6入-淺藍,169.0,日用生活/家庭清潔 殺蟲/衣物洗晾收納/洗衣．晾衣用具,1Set組 x 1 x 1SET組,https://online.carrefour.com.tw//zh/%E7%94%9F%E6%B4%BB%E5%A4%A7%E5%B8%AB/3162190900201.html
H&K家居雅典防滑衣架10入,299.0,日用生活/家庭清潔 殺蟲/衣物洗晾收納/洗衣．晾衣用具,1PC個 x 1 x 1PC個,https://online.carrefour.com.tw//zh/handk%E5%AE%B6%E5%B1%85/3162390400101.html
個性穿搭衣架(6入)-藍色,169.0,日用生活/家庭清潔 殺蟲/衣物洗晾收納/洗衣．晾衣用具,1Set組 x 1 x 1SET組,https://online.carrefour.com.tw//zh/%E7%94%9F%E6%B4%BB%E5%A4%A7%E5%B8%AB/3162191000101.html
【限量】3M 三鉤全能包,195.0,日用生活/衛浴用品/衛浴收納．整理,1PC卡 x 1 x 1PC卡,https://online.carrefour.com.tw//zh/3m/3170702300101.html
北歐現代簡約垃圾桶12L-黑白二色隨機出貨,199.0,日用生活/家庭清潔 殺蟲/清潔工具/垃圾袋．垃圾桶,1PC個 x 1 x 1PC個,https://online.carrefour.com.tw//zh/3151005300101.html
Farcent香水胺基酸沐浴露-鼠尾草,349.0,美妝個清/個人清潔/沐浴用品/沐浴乳,780g克 x 1 x 1PC瓶,https://online.carrefour.com.tw//zh/farcent%E8%8A%B1%E4%BB%99%E5%AD%90/1201147000101.html
信東薑黃多醣體長效雙層錠60顆,1280.0,嬰童保健/營養保健食品/男女保健,60PC顆 x 1 x 1Box盒,https://online.carrefour.com.tw//zh/%E4%BF%A1%E6%9D%B1/1232402500101.html
金信昌超值組合式榻榻米,2400.0,傢俱寢飾/傢俱/沙發．沙發床/床墊,1PC件 x 1 x 1PC件,https://online.carrefour.com.tw//zh/3186205000101.html
個性穿搭衣架(6入)-紫色,169.0,日用生活/家庭清潔 殺蟲/衣物洗晾收納/洗衣．晾衣用具,1Set組 x 1 x 1SET組,https://online.carrefour.com.tw//zh/3162191000201.html
靠得住輕柔棉杏桃花香氛夜薄28cm,169.0,美妝個清/女性衛生/衛生棉/夜用,10PC片 x 1 x 2PC包,https://online.carrefour.com.tw//zh/%E9%9D%A0%E5%BE%97%E4%BD%8F/1212303900102.html
嚴選歐風家居拖鞋-水藍色36/37,249.0,服飾鞋包/拖鞋/室內拖鞋,1Pair雙 x 1 x 1Pair雙,https://online.carrefour.com.tw//zh/6001304300401.html
GJL LLUL10 高速快充傳輸線UL-1M,479.0,熱門3C/手機．通訊．週邊/充電傳輸線,1Set台 x 1 x 1Set台,https://online.carrefour.com.tw//zh/gjl%E6%A5%B5%E5%8A%9B/4260302500101.html
蓓莉上開收納箱-粉色,288.0,傢俱寢飾/收納整理/防塵套．防護墊,1PC件 x 1 x 1PC件,https://online.carrefour.com.tw//zh/3183901300201.html
好室喵彩虹寶盒下掀式整理箱39L-透明粉,500.0,傢俱寢飾/收納整理/其他收納用品,1PC個 x 1 x 1PC個,https://online.carrefour.com.tw//zh/%E5%A5%BD%E5%AE%A4%E5%96%B5/3167500800301.html
HK家居和風櫸木圓桿衣架3入組-白,299.0,日用生活/家庭清潔 殺蟲/衣物洗晾收納/洗衣．晾衣用具,1Set組 x 1 x 1SET組,https://online.carrefour.com.tw//zh/3162392500201.html
玩色坐墊(花色隨機出貨),299.0,傢俱寢飾/靠墊．抱枕/各式坐墊,1PC個 x 1 x 1PC個,https://online.carrefour.com.tw//zh/6530035200101.html
GJL LLCL10 高速快充傳輸線CL-1M,529.0,熱門3C/手機．通訊．週邊/充電傳輸線,1Set台 x 1 x 1Set台,https://online.carrefour.com.tw//zh/gjl%E6%A5%B5%E5%8A%9B/4260301700101.html
太星電工1開6插快充延長線2P+3P-1.2米,999.0,日用生活/居家修繕/延長線/六孔,1PC個 x 1 x 1PC個,https://online.carrefour.com.tw//zh/%E5%A4%AA%E6%98%9F%E9%9B%BB%E5%B7%A5/3007308400101.html
立體造型衣架/6入-靜謐藍,169.0,日用生活/家庭清潔 殺蟲/衣物洗晾收納/洗衣．晾衣用具,1Set組 x 1 x 1SET組,https://online.carrefour.com.tw//zh/%E7%94%9F%E6%B4%BB%E5%A4%A7%E5%B8%AB/3162190900301.html
SORIL不鏽鋼真空馬克杯480ml-橄欖綠,798.0,日用生活/飲水壺．保溫保冰/保溫瓶．壺/保溫瓶．杯,1PC個 x 1 x 1PC個,https://online.carrefour.com.tw//zh/soril/3141200300201.html
白蘭精油芳香豆洗衣球 粉漾花園  20顆,298.0,日用生活/家庭清潔 殺蟲/洗衣精 洗衣球,210g克 x 1 x 1Bag包,https://online.carrefour.com.tw//zh/%E7%99%BD%E8%98%AD/1110503100101.html
蓓莉上開收納箱-綠色,288.0,傢俱寢飾/收納整理/防塵套．防護墊,1PC件 x 1 x 1PC件,https://online.carrefour.com.tw//zh/3183901300101.html
好室喵彩虹寶盒下掀式整理箱39L-透明黃,500.0,傢俱寢飾/收納整理/其他收納用品,1PC個 x 1 x 1PC個,https://online.carrefour.com.tw//zh/%E5%A5%BD%E5%AE%A4%E5%96%B5/3167500800601.html
靠得住輕柔棉杏桃花香氛日薄23cm,169.0,美妝個清/女性衛生/衛生棉/日用標準,11PC片 x 1 x 2PC包,https://online.carrefour.com.tw//zh/%E9%9D%A0%E5%BE%97%E4%BD%8F/1212107400102.html
南僑-水晶肥皂抗菌洗衣液體皂-晨露茶香,178.0,日用生活/家庭清潔 殺蟲/洗衣精 洗衣球,800g克 x 1 x 1PC包,https://online.carrefour.com.tw//zh/%E5%8D%97%E5%83%91/1110319000101.html
信東飛靈葡萄糖胺液946ml,690.0,嬰童保健/營養保健食品/骨關節保健,946ml毫升 x 1 x 1Bottle瓶,https://online.carrefour.com.tw//zh/%E4%BF%A1%E6%9D%B1/1232201400101.html
保佳兆UCII複合錠,1720.0,嬰童保健/營養保健食品/骨關節保健,60PC粒 x 1 x 1PC瓶,https://online.carrefour.com.tw//zh/%E4%BF%9D%E4%BD%B3%E5%85%86/1232220000101.html
維也納直取式收納箱50L<粉色>,839.0,傢俱寢飾/收納整理/其他收納用品,1PC個 x 1 x 1PC個,https://online.carrefour.com.tw//zh/keyway-%E8%81%AF%E5%BA%9C/3167508600201.html
好室喵任意門多功能櫃<藍色>,699.0,傢俱寢飾/收納整理/其他收納用品,1PC個 x 1 x 1PC個,https://online.carrefour.com.tw//zh/%E5%A5%BD%E5%AE%A4%E5%96%B5/3167912700101.html
萊雅優媚霜時尚系列-7.25煙燻粉棕,379.0,美妝個清/美妝保養/染髮劑．用品/染髮劑,172ml毫升 x 1 x 1PC盒,https://online.carrefour.com.tw//zh/l%27or%C3%A9al-paris-%E5%B7%B4%E9%BB%8E%E8%90%8A%E9%9B%85/1200515000101.html
GJL LLCL10 高速快充傳輸線CL-1M,529.0,熱門3C/手機．通訊．週邊/充電傳輸線,1Set台 x 1 x 1Set台,https://online.carrefour.com.tw//zh/gjl%E6%A5%B5%E5%8A%9B/4260301700201.html
嚴選歐風家居拖鞋-粉色36/37,249.0,服飾鞋包/拖鞋/室內拖鞋,1Pair雙 x 1 x 1Pair雙,https://online.carrefour.com.tw//zh/6001304300101.html
毛絨絨吸水止滑地墊40x60cm-咖啡色,299.0,日用生活/家庭清潔 殺蟲/清潔工具/打掃除塵工具,1PC個 x 1 x 1PC個,https://online.carrefour.com.tw//zh/3158614000201.html
白蘭精油芳香豆洗衣球 蔚藍夢境  20顆,298.0,日用生活/家庭清潔 殺蟲/洗衣精 洗衣球,210g克 x 1 x 1Bag包,https://online.carrefour.com.tw//zh/%E7%99%BD%E8%98%AD/1110503000101.html
HK家居和風櫸木圓桿衣架3入組-黑,299.0,日用生活/家庭清潔 殺蟲/衣物洗晾收納/洗衣．晾衣用具,1Set組 x 1 x 1SET組,https://online.carrefour.com.tw//zh/3162392500101.html
好室喵任意門多功能櫃<粉色>,699.0,傢俱寢飾/收納整理/其他收納用品,1PC個 x 1 x 1PC個,https://online.carrefour.com.tw//zh/%E5%A5%BD%E5%AE%A4%E5%96%B5/3167912700201.html
蘇菲清新涼感微涼小黃瓜25cm13片,146.0,美妝個清/女性衛生/衛生棉/日用標準,13PC包 x 1 x 1PC包,https://online.carrefour.com.tw//zh/%E8%98%87%E8%8F%B2/1212100900101.html
SUPER超級三合一原味奶茶18g X25,229.0,米油沖泡/咖啡．茶包/茶包/即溶茶,18g克 x 25 x 1Bag包,https://online.carrefour.com.tw//zh/super/1430300200101.html
HK家居和風櫸木圓桿褲裙架3入組-白,299.0,日用生活/家庭清潔 殺蟲/衣物洗晾收納/洗衣．晾衣用具,1Set組 x 1 x 1SET組,https://online.carrefour.com.tw//zh/3162001600201.html
SORIL不鏽鋼真空馬克杯480ml-薔薇粉,798.0,日用生活/飲水壺．保溫保冰/保溫瓶．壺/保溫瓶．杯,1PC個 x 1 x 1PC個,https://online.carrefour.com.tw//zh/soril/3141200300301.html
維也納直取式收納箱50L<藍色>,839.0,傢俱寢飾/收納整理/其他收納用品,1PC個 x 1 x 1PC個,https://online.carrefour.com.tw//zh/keyway-%E8%81%AF%E5%BA%9C/3167508600101.html
伴天下醬人-巷弄紅燒牛肉風味醬,129.0,米油沖泡/調味．罐頭湯品．南北貨/肉鬆/肉類罐頭,125g克 x 1 x 1Bottle瓶,https://online.carrefour.com.tw//zh/%E4%BC%B4%E5%A4%A9%E4%B8%8B%E9%86%AC%E4%BA%BA/1483310400101.html
GJL LLUL20 高速快充傳輸線UL-2M,589.0,熱門3C/手機．通訊．週邊/充電傳輸線,1Set台 x 1 x 1Set台,https://online.carrefour.com.tw//zh/gjl%E6%A5%B5%E5%8A%9B/4260303200101.html
GJL LLCL20 高速快充傳輸線CL-2M,599.0,熱門3C/手機．通訊．週邊/充電傳輸線,1Set台 x 1 x 1Set台,https://online.carrefour.com.tw//zh/gjl%E6%A5%B5%E5%8A%9B/4260302000201.html
毛絨絨吸水止滑地墊40x60cm-藍色,299.0,日用生活/家庭清潔 殺蟲/清潔工具/打掃除塵工具,1PC個 x 1 x 1PC個,https://online.carrefour.com.tw//zh/3158614000301.html
南僑-水晶肥皂香氛洗衣液體皂-櫻花飄香,178.0,日用生活/家庭清潔 殺蟲/洗衣精 洗衣球,800g克 x 1 x 1Bottle瓶,https://online.carrefour.com.tw//zh/%E5%8D%97%E5%83%91/1110320300101.html
好室喵彩虹寶盒下掀式整理箱39L-透明紫,500.0,傢俱寢飾/收納整理/其他收納用品,1PC個 x 1 x 1PC個,https://online.carrefour.com.tw//zh/%E5%A5%BD%E5%AE%A4%E5%96%B5/3167500800401.html
萊雅優媚霜時尚系列-6.12迷霧紫,379.0,美妝個清/美妝保養/染髮劑．用品/染髮劑,172ml毫升 x 1 x 1PC盒,https://online.carrefour.com.tw//zh/l%27or%C3%A9al-paris-%E5%B7%B4%E9%BB%8E%E8%90%8A%E9%9B%85/1200514500101.html
伴天下干飯王-原味啪啪辣脆醬,129.0,米油沖泡/調味．罐頭湯品．南北貨/罐頭/其它蔬菜,125g克 x 1 x 1Bottle瓶,https://online.carrefour.com.tw//zh/%E4%BC%B4%E5%A4%A9%E4%B8%8B%E5%B9%B2%E9%A3%AF%E7%8E%8B/1482219800101.html
SUPER超級三合一原味即溶咖啡18g X35,229.0,米油沖泡/咖啡．茶包/咖啡/咖啡隨身包,18g克 x 35 x 1Bag包,https://online.carrefour.com.tw//zh/super/1431100400101.html
